interface_id,level_1_module,level_2_module,level_3_module,interface_name,document_title,document_path,http_method,api_path,purpose,token_bucket_capacity,directory_chain,system_modules,remarks,is_read,is_write,has_side_effect,priority,phase_one,pagination_method,max_page_size_or_length,returns_total,supports_incremental_sync,incremental_time_fields,max_query_range,recommended_sync_strategy,filter_action,filter_reason
LX-927D66FB6D5A,产品,,,上传本地产品图片,上传本地产品图片,/docs/Product/UploadPictures.md,POST,/erp/sc/routing/storage/product/uploadPictures,支持本地产品图片上传到领星ERP系统内,1,产品 / 上传本地产品图片,产品,,否,是,是,P2,否,无,,否,否,,,全量 / 人工确认,保留,公共 ERP 业务接口，非平台专属
LX-90CFB48DDD46,产品,,,产品启用、禁用,产品启用、禁用,/docs/Product/productOperateBatch.md,POST,/basicOpen/product/productManager/product/operate/batch,产品启用、禁用,1,产品 / 产品启用、禁用,产品,,否,否,否,P3,否,无,,是,否,,,全量 / 人工确认,保留,公共 ERP 业务接口，非平台专属
LX-F6A548F96FD0,产品,,,产品管理-查询透明计划商品列表,产品管理-查询透明计划商品列表,/docs/Product/getTransparencyProductList.md,POST,/basicOpen/product/getTransparencyProductList,产品管理-查询透明计划商品列表,1,产品 / 查询透明计划商品列表,产品,,是,否,否,P0,是,offset/length,200,是,否,,,全量后分页,保留,公共 ERP 业务接口，非平台专属
LX-0CF22467375C,产品,,,创建UPC编码,创建UPC编码,/docs/Product/AddCommodityCode.md,POST,/listing/publish/api/upc/addCommodityCode,创建UPC编码,10,产品 / 创建UPC编码,产品,,否,是,是,P2,否,无,,否,否,,,全量 / 人工确认,保留,公共 ERP 业务接口，非平台专属
LX-F6890246F185,产品,,,创建产品标签,创建产品标签,/docs/Product/CreateProductTag.md,POST,/label/operation/v1/label/product/create,创建产品标签,10,产品 / 创建产品标签,产品,,否,是,是,P2,否,无,,否,否,,,全量 / 人工确认,保留,公共 ERP 业务接口，非平台专属
LX-147DA91911E3,产品,,,删除产品标签,删除产品标签,/docs/Product/DelProductTag.md,POST,/label/operation/v1/label/product/unmarkLabel,删除产品标签,10,产品 / 删除产品标签,产品,,否,是,是,P2,否,无,,否,否,,,全量 / 人工确认,保留,公共 ERP 业务接口，非平台专属
LX-BB8D0DF598AF,产品,,,批量查询本地产品详情,批量查询本地产品详情,/docs/Product/batchGetProductInfo.md,POST,/erp/sc/routing/data/local_inventory/batchGetProductInfo,批量查询本地产品详情,1,产品 / 批量查询本地产品详情,产品,,是,否,否,P0,是,无,,否,否,,,全量 / 人工确认,保留,公共 ERP 业务接口，非平台专属
LX-D2402601914F,产品,,,批量编辑本地信息,批量编辑本地信息,/docs/Product/EditOnSaleTimeAndRemark.md,POST,/basicOpen/product/editOnSaleTimeAndRemark,支持批量编辑在线商品本地信息。,1,产品 / 批量编辑本地信息,产品,,否,是,是,P2,否,无,,否,是,"onSaleTime, firstOrderTime, remark",,按店铺循环 + 按日期分段增量,保留,公共 ERP 业务接口，非平台专属
LX-75F4963569A6,产品,,,查询产品分类列表,查询产品分类列表,/docs/Product/Category.md,POST,/erp/sc/routing/data/local_inventory/category,支持查询本地产品的分类列表，对应【产品】>【产品分类】数据,1,产品 / 查询产品分类列表,产品,,是,否,否,P0,是,offset/length,1000,否,否,,,全量后分页,保留,公共 ERP 业务接口，非平台专属
LX-82FF3AF996D2,产品,,,查询产品品牌列表,查询产品品牌列表,/docs/Product/Brand.md,POST,/erp/sc/data/local_inventory/brand,支持查询本地产品品牌列表，对应系统【产品】>【品牌管理】数据,1,产品 / 查询产品品牌列表,产品,,是,否,否,P0,是,offset/length,1000,否,否,,,全量后分页,保留,公共 ERP 业务接口，非平台专属
LX-A4D3F436FF1F,产品,,,查询产品属性列表,查询产品属性列表,/docs/Product/attributeList.md,POST,/erp/sc/routing/storage/attribute/attributeList,查询产品属性列表,1,产品 / 查询产品属性列表,产品,,是,否,否,P0,是,offset/length,200,是,否,,,全量后分页,保留,公共 ERP 业务接口，非平台专属
LX-226730376E6B,产品,,,查询产品标签,查询产品标签,/docs/Product/GetProductTag.md,GET,/label/operation/v1/label/product/list,查询产品标签,10,产品 / 查询产品标签,产品,,是,否,否,P0,是,无,,是,否,,,全量 / 人工确认,保留,公共 ERP 业务接口，非平台专属
LX-BD16C6D25A0D,产品,,,查询产品辅料列表,查询产品辅料列表,/docs/Product/productAuxList.md,POST,/erp/sc/routing/data/local_inventory/productAuxList,查询产品辅料列表,1,产品 / 查询产品辅料列表,产品,,是,否,否,P0,是,offset/length,1000,否,否,,,全量后分页,保留,公共 ERP 业务接口，非平台专属
LX-5AFC6979F657,产品,,,查询多属性产品列表,查询多属性产品列表,/docs/Product/spuList.md,POST,/erp/sc/routing/storage/spu/spuList,查询多属性产品列表,1,产品 / 查询多属性产品列表,产品,,是,否,否,P0,是,offset/length,200,是,否,,,全量后分页,保留,公共 ERP 业务接口，非平台专属
LX-30AF347E45FE,产品,,,查询多属性产品详情,查询多属性产品详情,/docs/Product/spuInfo.md,POST,/erp/sc/routing/storage/spu/info,查询多属性产品详情,1,产品 / 查询多属性产品详情,产品,,是,否,否,P0,是,无,,是,否,,,全量 / 人工确认,保留,公共 ERP 业务接口，非平台专属
LX-DA189364D1B7,产品,,,查询捆绑产品关系列表,查询捆绑产品关系列表,/docs/Product/bundledProductList.md,POST,/erp/sc/routing/data/local_inventory/bundledProductList,查询捆绑产品关系列表,1,产品 / 查询捆绑产品关系列表,产品,,是,否,否,P0,是,offset/length,1000,否,否,,,全量后分页,保留,公共 ERP 业务接口，非平台专属
LX-6F96FE519F29,产品,,,查询操作日志,查询操作日志,/docs/Product/GetPagingLogLists.md,POST,/basicOpen/product/getPagingLogLists,查询操作日志,1,产品 / 查询操作日志,产品,,是,否,否,P0,是,page/limit,,是,是,"endTime, startTime",,按店铺循环 + 按日期分段增量,保留,公共 ERP 业务接口，非平台专属
LX-3F1F087FF8A1,产品,,,查询本地产品列表,查询本地产品列表,/docs/Product/ProductLists.md,POST,/erp/sc/routing/data/local_inventory/productList,支持查询产品列表，对应系统【产品】>【产品管理】数据,1,产品 / 查询本地产品列表,产品,,是,否,否,P0,是,offset/length,1000,是,是,"update_time_start, update_time_end, create_time_start, create_time_end",,按日期分段增量,保留,公共 ERP 业务接口，非平台专属
LX-DCB0C142100B,产品,,,查询本地产品详情,查询本地产品详情,/docs/Product/ProductDetails.md,POST,/erp/sc/routing/data/local_inventory/productInfo,支持查询本地产品详细信息，对应系统【产品】>【产品管理】数据,1,产品 / 查询本地产品详情,产品,,是,否,否,P0,是,无,,否,否,,,全量 / 人工确认,保留,公共 ERP 业务接口，非平台专属
LX-2046A9CB4520,产品,,,标记产品标签,标记产品标签,/docs/Product/SetProductTag.md,POST,/label/operation/v1/label/product/mark,标记产品标签,10,产品 / 标记产品标签,产品,,否,是,是,P2,否,无,,否,否,,,全量 / 人工确认,保留,公共 ERP 业务接口，非平台专属
LX-A8BA6E5445AA,产品,,,添加 / 编辑产品分类,添加 / 编辑产品分类,/docs/Product/SetCategory.md,POST,/erp/sc/routing/storage/category/set,支持添加/编辑本地产品分类,1,产品 / 添加/编辑产品分类,产品,,否,是,是,P2,否,无,,否,否,,,全量 / 人工确认,保留,公共 ERP 业务接口，非平台专属
LX-3B1AB09F56B1,产品,,,添加 / 编辑产品属性,添加 / 编辑产品属性,/docs/Product/attributeSet.md,POST,/erp/sc/routing/storage/attribute/set,>1、接口对属性数据为覆盖式操作，入参属性值会全量覆盖系统里已存在属性内容,1,产品 / 添加/编辑产品属性,产品,,否,是,是,P2,否,无,,否,否,,,全量 / 人工确认,保留,公共 ERP 业务接口，非平台专属
LX-1BDE9AFED615,产品,,,添加 / 编辑捆绑产品,添加 / 编辑捆绑产品,/docs/Product/SetBundled.md,POST,/erp/sc/routing/storage/product/setBundled,添加 / 编辑捆绑产品,1,产品 / 添加/编辑捆绑产品,产品,,否,是,是,P2,否,无,,否,否,,,全量 / 人工确认,保留,公共 ERP 业务接口，非平台专属
LX-E5135AAB2CB9,产品,,,添加 / 编辑辅料,添加 / 编辑辅料,/docs/Product/setAux.md,POST,/erp/sc/routing/storage/product/setAux,添加 / 编辑辅料,1,产品 / 添加/编辑辅料,产品,,否,是,是,P2,否,其他,,否,否,,,全量后分页,保留,公共 ERP 业务接口，非平台专属
LX-E85460D3A0AD,产品,,,添加/编辑产品品牌,添加/编辑产品品牌,/docs/Product/SetBrand.md,POST,/erp/sc/storage/brand/set,支持添加/编辑本地产品品牌信息,10,产品 / 添加/编辑产品品牌,产品,,否,是,是,P2,否,无,,否,否,,,全量 / 人工确认,保留,公共 ERP 业务接口，非平台专属
LX-DC8F85A264F4,产品,,,添加/编辑多属性产品,添加/编辑多属性产品,/docs/Product/spuSet.md,POST,/erp/sc/routing/storage/spu/set,添加/编辑多属性产品,5,产品 / 添加/编辑多属性产品,产品,,否,是,是,P2,否,其他,,是,否,,,全量后分页,保留,公共 ERP 业务接口，非平台专属
LX-F00018116434,产品,,,添加/编辑本地产品,添加/编辑本地产品,/docs/Product/SetProduct.md,POST,/erp/sc/routing/storage/product/set,支持添加/编辑系统本地产品信息,10,产品 / 添加/编辑本地产品,产品,,否,是,是,P2,否,其他,,否,否,,,全量后分页,保留,公共 ERP 业务接口，非平台专属
LX-44D4A6C312C6,产品,,,获取UPC编码列表,获取UPC编码列表,/docs/Product/UpcList.md,POST,/listing/publish/api/upc/upcList,获取UPC编码列表,10,产品 / 查询UPC编码列表,产品,,是,否,否,P0,是,offset/length,,是,否,,,全量后分页,保留,公共 ERP 业务接口，非平台专属
LX-A78F75179F06,仓库,仓库设置,,启用、禁用仓位,启用、禁用仓位,/docs/Warehouse/switchStatus.md,POST,/erp/sc/routing/storage/wareHouseBin/switchStatus,启用、禁用仓位,1,仓库 / 仓库设置 / 启用、禁用仓位,仓库,,否,否,否,P3,否,无,,否,否,,,全量 / 人工确认,保留,公共 ERP 业务接口，非平台专属
LX-CF87F80AD608,仓库,仓库设置,,查询产品仓位列表,查询产品仓位列表,/docs/Warehouse/getEntryRecommendBinList.md,POST,/basicOpen/warehouseConfig/warehouseBin/getEntryRecommendBinList,查询产品仓位列表,1,仓库 / 仓库设置 / 查询产品仓位列表,"仓库, 产品",,是,否,否,P0,是,无,,是,否,,,全量 / 人工确认,保留,公共 ERP 业务接口，非平台专属
LX-41E509578C0D,仓库,仓库设置,,查询仓库列表,查询仓库列表,/docs/Warehouse/WarehouseLists.md,POST,/erp/sc/data/local_inventory/warehouse,支持查询本地仓库列表信息，对应系统【设置】>【仓库设置】仓库列表,1,仓库 / 仓库设置 / 查询仓库列表,仓库,,是,否,否,P0,是,offset/length,,是,否,,,全量后分页,保留,公共 ERP 业务接口，非平台专属
LX-EC6F4C39346F,仓库,仓库设置,,查询本地仓位列表,查询本地仓位列表,/docs/Warehouse/warehouseBin.md,POST,/erp/sc/routing/data/local_inventory/warehouseBin,查询本地仓位列表,1,仓库 / 仓库设置 / 查询本地仓位列表,仓库,,是,否,否,P0,是,其他,,是,否,,,全量后分页,保留,公共 ERP 业务接口，非平台专属
LX-208BCCE30B24,仓库,仓库设置,,海外仓sku取消配对,海外仓sku取消配对,/docs/Warehouse/OverseaWarehouseProductUnMatch.md,POST,/basicOpen/overseaWarehouseSetting/productUnMatch,支持取消海外仓商品sku配对,1,仓库 / 仓库设置 / 海外sku取消配对,"仓库, 产品",,否,是,是,P2,否,无,,否,否,,,全量 / 人工确认,保留,公共 ERP 业务接口，非平台专属
LX-EECD62D39B8C,仓库,仓库设置,,海外仓sku配对,海外仓sku配对,/docs/Warehouse/OverseaWarehouseProductMatch.md,POST,/basicOpen/overseaWarehouseSetting/productMatch,支持海外仓商品进行sku配对,1,仓库 / 仓库设置 / 海外仓sku配对,"仓库, 产品",,否,是,是,P2,否,无,,否,否,,,全量 / 人工确认,保留,公共 ERP 业务接口，非平台专属
LX-0C9F53813C1C,仓库,仓库设置,,添加/修改仓库,添加/修改仓库,/docs/Warehouse/EditWarehouse.md,POST,/erp/sc/storage/wareHouse/edit,创建客户自定义仓库id与领星系统本地仓仓库id映射关系，添加/修改本地仓库基础信息,10,仓库 / 仓库设置 / 添加/修改仓库,仓库,,否,是,是,P2,否,无,,否,否,,,全量 / 人工确认,保留,公共 ERP 业务接口，非平台专属
LX-4C457588B444,仓库,仓库设置,,添加仓位,添加仓位,/docs/Warehouse/binCreate.md,POST,/erp/sc/routing/storage/wareHouseBin/create,添加仓位,1,仓库 / 仓库设置 / 添加仓位,仓库,,否,是,是,P2,否,无,,否,否,,,全量 / 人工确认,保留,公共 ERP 业务接口，非平台专属
LX-F395006EFE91,仓库,出入库,,入库单确认入库,入库单确认入库,/docs/Warehouse/InboundOrderConfirm.md,POST,/basicOpen/inboundOrder/inbound/setInbound,入库单确认入库,1,仓库 / 出入库 / 入库单确认入库,"仓库, 销售",,否,是,是,P2,否,无,,是,否,,,全量 / 人工确认,保留,公共 ERP 业务接口，非平台专属
LX-02B0DCBC4860,仓库,出入库,,出库单确认出库,出库单确认出库,/docs/Warehouse/OutboundOrderConfirm.md,POST,/basicOpen/outboundOrder/outbound/setOutbound,出库单确认出库,1,仓库 / 出入库 / 出库单确认出库,"仓库, 销售",,否,是,是,P2,否,无,,是,否,,,全量 / 人工确认,保留,公共 ERP 业务接口，非平台专属
LX-5C1C08254572,仓库,出入库,,创建加工单 / 拆分单,创建加工单 / 拆分单,/docs/Warehouse/addStorageProcessOrder.md,POST,/erp/sc/routing/inventoryReceipt/StorageProcess/addStorageProcessOrder,创建加工单 / 拆分单,1,仓库 / 出入库 / 创建加工单 / 拆分单,"仓库, 销售",,否,是,是,P2,否,无,,是,否,,,全量 / 人工确认,保留,公共 ERP 业务接口，非平台专属
LX-8F4BA5E003C6,仓库,出入库,,创建已完成的SKU调整单,创建已完成的SKU调整单,/docs/Warehouse/addSkuAdjustmentOrder.md,POST,/erp/sc/routing/inventoryReceipt/StorageAdjustment/addSkuAdjustmentOrder,创建已完成的SKU调整单,1,仓库 / 出入库 / 创建已完成的SKU调整单,"仓库, 产品, 销售",,否,是,是,P2,否,无,,否,否,,,全量 / 人工确认,保留,公共 ERP 业务接口，非平台专属
LX-1FA55392B264,仓库,出入库,,创建已完成的成本补录单,创建已完成的成本补录单,/docs/Warehouse/FinishCostChangeOrder.md,POST,/erp/sc/routing/inventoryReceipt/CostChangeOrder/finishCostChangeOrder,创建已完成的成本补录单,1,仓库 / 出入库 / 创建已完成的成本补录单,"仓库, 销售",,否,是,是,P2,否,无,,否,否,,,全量 / 人工确认,保留,公共 ERP 业务接口，非平台专属
LX-A054BADFE10F,仓库,出入库,,创建已完成的换标调整单,创建已完成的换标调整单,/docs/Warehouse/addRebrandAdjustmentOrder.md,POST,/erp/sc/routing/inventoryReceipt/StorageAdjustment/addRebrandAdjustmentOrder,创建已完成的换标调整单,1,仓库 / 出入库 / 创建已完成的换标调整单,"仓库, 销售",,否,是,是,P2,否,无,,否,否,,,全量 / 人工确认,保留,公共 ERP 业务接口，非平台专属
LX-E6238EC4E51A,仓库,出入库,,创建已完成的数量调整单,创建已完成的数量调整单,/docs/Warehouse/addAdjustmentOrder.md,POST,/erp/sc/routing/inventoryReceipt/StorageAdjustment/addAdjustmentOrder,支持推送已完成的数量调整单至领星ERP，并调整对应数量,1,仓库 / 出入库 / 创建已完成的数量调整单,"仓库, 销售",,否,是,是,P2,否,无,,否,否,,,全量 / 人工确认,保留,公共 ERP 业务接口，非平台专属
LX-2D7501EFFF14,仓库,出入库,,创建已完成的盘点单,创建已完成的盘点单,/docs/Warehouse/checkAddOrder.md,POST,/erp/sc/routing/inventoryReceipt/InventoryCheck/addOrder,支持创建已完成的盘点单，盘点类型默认为“SKU+仓位”盘点,1,仓库 / 出入库 / 创建已完成的盘点单,"仓库, 产品, 销售",,否,是,是,P2,否,无,,是,否,,,全量 / 人工确认,保留,公共 ERP 业务接口，非平台专属
LX-41BB2D2886D2,仓库,出入库,,创建待收货/已完成的调拨单,创建待收货/已完成的调拨单,/docs/Warehouse/AddAllocationOrder.md,POST,/erp/sc/routing/inventoryReceipt/StorageAllocation/addAllocationOrder,支持创建“待收货/已完成”状态调拨单，请求成功后，对应调拨单在列表“待收货/已完成”状态,1,仓库 / 出入库 / 创建待收货/已完成的调拨单,"仓库, 销售",,否,是,是,P2,否,其他,,是,是,predict_time,,按店铺循环 + 按日期分段增量,保留,公共 ERP 业务接口，非平台专属
LX-5EBF326CAE51,仓库,出入库,,创建待调拨的调拨单,创建待调拨的调拨单,/docs/Warehouse/submitAllocationOrder.md,POST,/erp/sc/routing/inventoryReceipt/StorageAllocation/submitAllocationOrder,创建待调拨的调拨单,1,仓库 / 出入库 / 创建待调拨的调拨单,"仓库, 销售",,否,是,是,P2,否,其他,,否,是,predict_time,,按店铺循环 + 按日期分段增量,保留,公共 ERP 业务接口，非平台专属
LX-ECC5B6E072BC,仓库,出入库,,删除出库单,删除出库单,/docs/Warehouse/outboundOrderDelete.md,DELETE,/basicOpen/outboundOrder/outbound/delete,删除出库单,1,仓库 / 出入库 / 删除出库单,"仓库, 销售",,否,是,是,P2,否,无,,是,否,,,全量 / 人工确认,保留,公共 ERP 业务接口，非平台专属
LX-50E3A9271BE9,仓库,出入库,,删除调拨单,删除调拨单,/docs/Warehouse/DeleteStorageAllocationList.md,DELETE,/basicOpen/storageAllocationList/delete,支持操作删除状态为待审批，待配货，待调拨的调拨单,1,仓库 / 出入库 / 删除调拨单,仓库,,否,是,是,P3,否,无,,否,否,,,全量 / 人工确认,保留,公共 ERP 业务接口，非平台专属
LX-29AE97DABE08,仓库,出入库,,加工单列表,加工单列表,/docs/Warehouse/getProcessOrderLists.md,POST,/erp/sc/routing/inventoryReceipt/StorageProcess/getOrderLists,加工单列表,1,仓库 / 出入库 / 加工单列表,"仓库, 销售",,是,否,否,P0,是,offset/length,,是,是,"search_field_time, start_date, end_date",,按日期分段增量,保留,公共 ERP 业务接口，非平台专属
LX-032E4A4848FB,仓库,出入库,,撤销入库单,撤销入库单,/docs/Warehouse/SetInboundOrderRevoke.md,POST,/basicOpen/inboundOrder/inbound/setOrderRevoke,撤销入库单,1,仓库 / 出入库 / 撤销入库单,"仓库, 销售",,否,否,否,P3,否,无,,否,否,,,全量 / 人工确认,保留,公共 ERP 业务接口，非平台专属
LX-C0FCAFE34051,仓库,出入库,,撤销出库单,撤销出库单,/docs/Warehouse/SetOutboundOrderRevoke.md,POST,/basicOpen/outboundOrder/outbound/setOrderRevoke,撤销出库单,1,仓库 / 出入库 / 撤销出库单,"仓库, 销售",,否,否,否,P3,否,无,,否,否,,,全量 / 人工确认,保留,公共 ERP 业务接口，非平台专属
LX-FC8B93582D77,仓库,出入库,,撤销调拨单,撤销调拨单,/docs/Warehouse/CancelStorageAllocationList.md,POST,/basicOpen/storageAllocationList/cancel,撤销调拨单,1,仓库 / 出入库 / 撤销调拨单,仓库,,否,否,否,P3,否,无,,否,否,,,全量 / 人工确认,保留,公共 ERP 业务接口，非平台专属
LX-A78D6BB9DC24,仓库,出入库,,查询入库单列表,查询入库单列表,/docs/Warehouse/inboundgetOrders.md,POST,/erp/sc/routing/storage/inbound/getOrders,查询入库单列表,1,仓库 / 出入库 / 查询入库单列表,"仓库, 销售",,是,否,否,P0,是,offset/length,200,是,是,"search_field_time, start_date, end_date",,按日期分段增量,保留,公共 ERP 业务接口，非平台专属
LX-179D3B8A9F63,仓库,出入库,,查询出库单列表,查询出库单列表,/docs/Warehouse/outboundgetOrders.md,POST,/erp/sc/routing/storage/outbound/getOrders,查询出库单列表,1,仓库 / 出入库 / 查询出库单列表,"仓库, 销售",,是,否,否,P0,是,offset/length,200,是,是,"search_field_time, start_date, end_date",,按日期分段增量,保留,公共 ERP 业务接口，非平台专属
LX-D5353A465E6D,仓库,出入库,,查询盘点单列表,查询盘点单列表,/docs/Warehouse/checkGetOrderList.md,POST,/erp/sc/routing/inventoryReceipt/InventoryCheck/getOrderList,查询盘点单列表,1,仓库 / 出入库 / 查询盘点单列表,"仓库, 销售",,是,否,否,P0,是,其他,,是,是,"date_field, start_date, end_date",,按日期分段增量,保留,公共 ERP 业务接口，非平台专属
LX-642D33967219,仓库,出入库,,查询盘点单详情,查询盘点单详情,/docs/Warehouse/checkGetOrderDetail.md,POST,/erp/sc/routing/inventoryReceipt/InventoryCheck/getOrderDetail,查询盘点单详情,1,仓库 / 出入库 / 查询盘点单详情,"仓库, 销售",,是,否,否,P0,是,其他,,是,否,,,全量后分页,保留,公共 ERP 业务接口，非平台专属
LX-4E3A3DA2B70A,仓库,出入库,,查询调拨单列表,查询调拨单列表,/docs/Warehouse/getStorageAllocationList.md,POST,/erp/sc/routing/inventoryReceipt/StorageAllocation/getStorageAllocationList,支持查询本地仓库调拨单列表,1,仓库 / 出入库 / 查询调拨单列表,仓库,,是,否,否,P0,是,其他,,是,是,"search_date_type, start_date, end_date",,按日期分段增量,保留,公共 ERP 业务接口，非平台专属
LX-9909117FD1E7,仓库,出入库,,查询调整单列表,查询调整单列表,/docs/Warehouse/getStorageAdjustOrderList.md,POST,/erp/sc/routing/inventoryReceipt/StorageAdjustment/getStorageAdjustOrderList,查询调整单列表,1,仓库 / 出入库 / 查询调整单列表,"仓库, 销售",,是,否,否,P0,是,其他,,是,是,"search_date_type, start_date, end_date",,按日期分段增量,保留,公共 ERP 业务接口，非平台专属
LX-E726A7FC946C,仓库,出入库,,查询调整单确认调整异步结果,查询调整单确认调整异步结果,/docs/Warehouse/GetAdjustOrderConfirmResult.md,POST,/basicOpen/adjustOrder/adjust/getAdjustStatus,查询调整单确认调整异步结果,1,仓库 / 出入库 / 查询调整单确认调整结果,"仓库, 销售",,否,是,是,P2,否,无,,是,否,,,全量 / 人工确认,保留,公共 ERP 业务接口，非平台专属
LX-F23293A702BB,仓库,出入库,,查询销售出库单详情,查询销售出库单详情,/docs/Warehouse/WmsOrderDetail.md,POST,/basicOpen/wmsOrder/getWmsOrdersByOrderNumbers,支持查询ERP中【仓库】>【销售出库单】数据，即自发货订单销售出库单,1,仓库 / 出入库 / 查询销售出库单详情,"仓库, 销售",,是,否,否,P0,是,无,,是,否,,,全量 / 人工确认,保留,公共 ERP 业务接口，非平台专属
LX-B6250EFFD833,仓库,出入库,,添加入库单,添加入库单,/docs/Warehouse/OrderAdd.md,POST,/erp/sc/routing/storage/storage/orderAdd,支持添加本地仓库入库单，并增加入库仓库库存,1,仓库 / 出入库 / 添加入库单,"仓库, 销售",,否,是,是,P2,否,无,,否,是,inbound_time,,按店铺循环 + 按日期分段增量,保留,公共 ERP 业务接口，非平台专属
LX-FEFC2C739C57,仓库,出入库,,添加出库单,添加出库单,/docs/Warehouse/OrderAddOut.md,POST,/erp/sc/routing/storage/storage/orderAddOut,支持添加本地仓库出库单，推送成功后扣减出库仓库库存,1,仓库 / 出入库 / 添加出库单,"仓库, 销售",,否,是,是,P2,否,无,,否,是,outbound_time,,按店铺循环 + 按日期分段增量,保留,公共 ERP 业务接口，非平台专属
LX-75157159D29E,仓库,出入库,,获取自定义入库类型,获取自定义入库类型,/docs/Warehouse/inboundGetCustomTypes.md,POST,/erp/sc/routing/storage/inbound/getCustomTypes,获取自定义入库类型,1,仓库 / 出入库 / 获取自定义入库类型,仓库,,是,否,否,P0,是,无,,是,否,,,全量 / 人工确认,保留,公共 ERP 业务接口，非平台专属
LX-10C1BC0E9648,仓库,出入库,,获取自定义出库类型,获取自定义出库类型,/docs/Warehouse/outboundGetCustomTypes.md,POST,/erp/sc/routing/storage/outbound/getCustomTypes,获取自定义出库类型,1,仓库 / 出入库 / 获取自定义出库类型,仓库,,是,否,否,P0,是,无,,是,否,,,全量 / 人工确认,保留,公共 ERP 业务接口，非平台专属
LX-A6E36DA67F9C,仓库,出入库,,调拨单全部收货,调拨单全部收货,/docs/Warehouse/receiveAllocationOrder.md,POST,/erp/sc/routing/inventoryReceipt/StorageAllocation/receiveAllocationOrder,支持将系统“待收货“状态的调拨单全部收货，单据状态转为“已完成“，并增加入库仓的库存,1,仓库 / 出入库 / 调拨单全部收货,"仓库, 销售",,否,否,否,P3,否,无,,是,否,,,全量 / 人工确认,保留,公共 ERP 业务接口，非平台专属
LX-C59B5D5BB158,仓库,出入库,,调拨单分批收货,调拨单分批收货,/docs/Warehouse/partlyReceiveAllocationOrder.md,POST,/erp/sc/routing/inventoryReceipt/StorageAllocation/partlyReceiveAllocationOrder,支持将系统待收货状态的调拨单部分收货,1,仓库 / 出入库 / 调拨单分批收货,"仓库, 销售",,否,否,否,P3,否,无,,是,否,,,全量 / 人工确认,保留,公共 ERP 业务接口，非平台专属
LX-375342860CAD,仓库,出入库,,调拨单结束到货,调拨单结束到货,/docs/Warehouse/finishReceiveAllocationOrder.md,POST,/erp/sc/routing/inventoryReceipt/StorageAllocation/finishReceiveAllocationOrder,调拨单结束到货,1,仓库 / 出入库 / 调拨单结束到货,"仓库, 销售",,否,否,否,P3,否,无,,是,否,,,全量 / 人工确认,保留,公共 ERP 业务接口，非平台专属
LX-24115FEF3839,仓库,出入库,,调整单确认调整,调整单确认调整,/docs/Warehouse/AdjustOrderConfirm.md,POST,/basicOpen/adjustOrder/adjust/setAdjust,异步任务，查询结果请调用：[查询确认调整异步任务结果](docs/Warehouse/GetAdjustOrderConfirmResult.md),1,仓库 / 出入库 / 调整单确认调整,"仓库, 销售",,否,是,是,P2,否,无,,否,否,,,全量 / 人工确认,保留,公共 ERP 业务接口，非平台专属
LX-FD9302CF208A,仓库,发货,,查询销售出库单列表,查询销售出库单列表,/docs/Warehouse/WmsOrderList.md,POST,/erp/sc/routing/wms/order/wmsOrderList,支持查询ERP中【仓库】>【销售出库单】数据，即自发货订单销售出库单【默认返回一个月内审核出库的数据，超过一个月请加上时间入参】,1,仓库 / 发货 / 查询销售出库单列表,"仓库, 销售",,是,否,否,P0,是,其他,200,是,是,"time_type, start_date, end_date",,按店铺循环 + 按日期分段增量,保留,公共 ERP 业务接口，非平台专属
LX-F596F7E8C481,仓库,发货,,查询销售出库单物流面单,查询销售出库单物流面单,/docs/Warehouse/wmsOrderGetWmsLogisticsLabels.md,POST,/erp/sc/routing/wms/order/getWmsLogisticsLabels,查询销售出库单物流面单,1,仓库 / 发货 / 查询销售出库单物流面单,"仓库, 销售",,是,否,否,P0,是,无,,否,否,,,全量 / 人工确认,保留,公共 ERP 业务接口，非平台专属
LX-A8841B7061A1,仓库,发货,,物流下单 - 编辑运单号/跟踪号,物流下单 - 编辑运单号/跟踪号,/docs/Warehouse/setTrackingNo.md,POST,/basicOpen/logisticsOrdering/setTrackingNo,物流下单 - 编辑运单号/跟踪号,1,仓库 / 发货 / 物流下单 - 编辑运单号/跟踪号,仓库,,否,是,是,P2,否,无,,是,否,,,全量 / 人工确认,保留,公共 ERP 业务接口，非平台专属
LX-890B84A34002,仓库,发货,,设置包裹尺寸,设置包裹尺寸,/docs/Warehouse/setOrderPackageSize.md,POST,/erp/sc/routing/wms/order/setOrderPackageSize,设置包裹尺寸,1,仓库 / 发货 / 设置包裹尺寸,"仓库, 销售",,否,是,是,P2,否,其他,,否,否,,,全量后分页,保留,公共 ERP 业务接口，非平台专属
LX-330811625C41,仓库,发货,,销售出库单截单,销售出库单截单,/docs/Warehouse/cancelWmsOrder.md,POST,/basicOpen/wmsOrder/cancel,注： 海外仓截单任务为异步执行。接口提交成功后，系统会将截单请求推送至海外仓处理。 可以通过调用[查询订单管理订单列表](docs/MultiPlatform/V2/MultiPlatOrderV2)接口，并查看返回数据中的 data>>list>>status 字段，以获取截单任务的最终执行状态和结果。,1,仓库 / 发货 / 销售出库单截单,"仓库, 销售",,否,否,否,P3,否,无,,否,否,,,全量 / 人工确认,保留,公共 ERP 业务接口，非平台专属
LX-A791179C9A78,仓库,库存&流水,,查询AWD库存列表,查询AWD库存列表,/docs/Warehouse/AwdWarehouseDetail.md,POST,/basicOpen/openapi/storage/awdWarehouseDetail,查询AWD库存列表,1,仓库 / 库存&流水 / 查询AWD库存列表,仓库,,是,否,否,P0,是,其他,,是,否,,,按店铺循环 + 分页,保留,公共 ERP 业务接口，非平台专属
LX-47310BFA3E0D,仓库,库存&流水,,查询仓位库存明细,查询仓位库存明细,/docs/Warehouse/inventoryBinDetails.md,POST,/erp/sc/routing/data/local_inventory/inventoryBinDetails,查询仓位库存明细,1,仓库 / 库存&流水 / 查询仓位库存明细,仓库,,是,否,否,P0,是,offset/length,500,是,否,,,全量后分页,保留,公共 ERP 业务接口，非平台专属
LX-8DE4E360B561,仓库,库存&流水,,查询仓位流水,查询仓位流水,/docs/Warehouse/wareHouseBinStatement.md,POST,/erp/sc/routing/data/local_inventory/wareHouseBinStatement,查询仓位流水,1,仓库 / 库存&流水 / 查询仓位流水,仓库,,是,否,否,P0,是,offset/length,,是,是,"start_date, end_date",,按日期分段增量,保留,公共 ERP 业务接口，非平台专属
LX-41B3AF612B29,仓库,库存&流水,,查询仓库库存明细,查询仓库库存明细,/docs/Warehouse/InventoryDetails.md,POST,/erp/sc/routing/data/local_inventory/inventoryDetails,支持查询本地仓/海外仓库存明细，对应系统【仓库】>【库存明细】数据,1,仓库 / 库存&流水 / 查询仓库库存明细,仓库,,是,否,否,P0,是,offset/length,800,是,否,,,全量后分页,保留,公共 ERP 业务接口，非平台专属
LX-F0CE5B7F589B,仓库,库存&流水,,查询库存流水（新）,查询库存流水（新）,/docs/Warehouse/WarehouseStatementNew.md,POST,/erp/sc/routing/inventoryLog/WareHouseInventory/wareHouseCenterStatement,查询库存流水（新）,1,仓库 / 库存&流水 / 查询库存流水（新）,仓库,,是,否,否,P0,是,offset/length,,否,是,"start_date, end_date",,按日期分段增量,保留,公共 ERP 业务接口，非平台专属
LX-6F8ABDE7B566,仓库,库存&流水,,查询库存流水（旧）,查询库存流水（旧）,/docs/Warehouse/WarehouseStatement.md,POST,/erp/sc/routing/data/local_inventory/wareHouseStatement,支持查询本地仓库库存流水，对应系统【仓库】>【库存流水】数据,1,仓库 / 库存&流水 / 查询库存流水（旧）,仓库,,是,否,否,P3,否,offset/length,,是,是,"start_date, end_date",,按日期分段增量,保留,公共 ERP 业务接口，非平台专属
LX-1181D4F827FB,仓库,库存&流水,,查询批次明细,查询批次明细,/docs/Warehouse/GetBatchDetailList.md,POST,/erp/sc/routing/data/local_inventory/getBatchDetailList,查询批次明细,1,仓库 / 库存&流水 / 查询批次明细,仓库,,是,否,否,P0,是,offset/length,400,是,否,,,全量后分页,保留,公共 ERP 业务接口，非平台专属
LX-BCB9BCE2437F,仓库,库存&流水,,查询批次流水,查询批次流水,/docs/Warehouse/GetBatchStatementList.md,POST,/erp/sc/routing/data/local_inventory/getBatchStatementList,查询批次流水,1,仓库 / 库存&流水 / 查询批次流水,仓库,,是,否,否,P0,是,offset/length,400,是,是,"time_filter_field, start_date, end_date",,按日期分段增量,保留,公共 ERP 业务接口，非平台专属
LX-AA0068524F96,仓库,收货质检,,创建待收货的收货单,创建待收货的收货单,/docs/Warehouse/createReceiptOrder.md,POST,/erp/sc/routing/deliveryReceipt/PurchaseReceiptOrder/createReceiptOrder,支持创建【仓库】>【收货管理】中的收货单，状态为“待收货”,1,仓库 / 收货质检 / 创建待收货的收货单,"仓库, 销售",,否,是,是,P2,否,无,,否,是,list[].expect_arrival_time,,按日期分段增量,保留,公共 ERP 业务接口，非平台专属
LX-BE1057CB168C,仓库,收货质检,,待收货退货单快捷入库,待收货退货单快捷入库,/docs/Warehouse/returnOrderFastStorageIn.md,POST,/basicOpen/return/order/fastStorageIn,待收货退货单快捷入库,1,仓库 / 收货质检 / 待收货退货单快捷入库,"售后, 仓库, 销售",,否,否,否,P1,否,无,,是,否,,,全量 / 人工确认,保留,公共 ERP 业务接口，非平台专属
LX-186837F0F7C4,仓库,收货质检,,收货单-编辑备注,收货单-编辑备注,/docs/Warehouse/receiptOrderUpdateOrderInfo.md,POST,/basicOpen/inboundOrder/receiptOrder/updateOrderInfo,支持编辑指定收货单的备注信息。,1,仓库 / 收货质检 / 收货单-编辑备注,"仓库, 销售",,否,是,是,P2,否,无,,否,否,,,全量 / 人工确认,保留,公共 ERP 业务接口，非平台专属
LX-E8B767C41774,仓库,收货质检,,收货单到货,收货单到货,/docs/Warehouse/Receive.md,POST,/erp/sc/routing/deliveryReceipt/PurchaseReceiptOrder/receive,收货单到货,1,仓库 / 收货质检 / 收货单到货,仓库,,否,否,否,P3,否,无,,是,是,"expect_arrival_time, custom_receive_time",,按日期分段增量,保留,公共 ERP 业务接口，非平台专属
LX-FE893F657641,仓库,收货质检,,收货单快捷入库,收货单快捷入库,/docs/Warehouse/FastReceive.md,POST,/erp/sc/routing/deliveryReceipt/PurchaseReceiptOrder/fastReceive,收货单快捷入库,1,仓库 / 收货质检 / 收货单快捷入库,仓库,,否,否,否,P3,否,无,,是,是,"expect_arrival_time, custom_receive_time",,按日期分段增量,保留,公共 ERP 业务接口，非平台专属
LX-4B9473A2D2E1,仓库,收货质检,,查询收货单列表,查询收货单列表,/docs/Warehouse/PurchaseReceiptOrderList.md,POST,/erp/sc/routing/deliveryReceipt/PurchaseReceiptOrder/getOrderList,查询收货单列表,1,仓库 / 收货质检 / 查询收货单列表,"仓库, 采购, 销售",,是,否,否,P0,是,offset/length,500,是,是,"date_type, start_date, end_date",,按日期分段增量,保留,公共 ERP 业务接口，非平台专属
LX-ECAEE8038F87,仓库,收货质检,,查询质检单列表,查询质检单列表,/docs/Warehouse/ReceiptOrderQcList.md,POST,/erp/sc/routing/deliveryReceipt/ReceiptOrderQc/getOrderList,查询质检单列表,1,仓库 / 收货质检 / 查询质检单列表,"仓库, 销售",,是,否,否,P0,是,offset/length,500,是,是,"date_type, start_date, end_date",,按日期分段增量,保留,公共 ERP 业务接口，非平台专属
LX-5D311ED3B89E,仓库,收货质检,,查询质检单详情,查询质检单详情,/docs/Warehouse/qualityInspectionOrderDetail.md,POST,/basicOpen/qualityInspectionOrder/detail,查询质检单详情,1,仓库 / 收货质检 / 查询质检单详情,"仓库, 销售",,是,否,否,P0,是,无,,是,否,,,全量 / 人工确认,保留,公共 ERP 业务接口，非平台专属
LX-1C62776E886A,仓库,收货质检,,查询销售退货单列表,查询销售退货单列表,/docs/Warehouse/ReturnList.md,POST,/pb/mp/returns/v2/list,查询销售退货单列表,10,仓库 / 收货质检 / 查询销售退货单列表,"售后, 仓库, 销售",,是,否,否,P0,是,offset/length,,是,是,"time_type, start_time, end_time",,按店铺循环 + 按日期分段增量,保留,公共 ERP 业务接口，非平台专属
LX-E6696C712FDB,仓库,收货质检,,订单退款,订单退款,/docs/Sale/RefundOrder.md,POST,/basicOpen/openapi/salesOrder/refundOrder,订单退款,1,仓库 / 收货质检 / 订单退款,"售后, 仓库, 销售",,否,否,否,P1,否,无,,否,是,purchaseDateLocal,,按店铺循环 + 按日期分段增量,保留,公共 ERP 业务接口，非平台专属
LX-D8BC30F67A4B,仓库,海外仓,,上传备货单装箱信息,上传备货单装箱信息,/docs/Warehouse/packing.md,POST,/erp/sc/routing/owms/inbound/packing,创建“待发货/待收货/已完成”状态备货单时，支持上传备货单装箱信息。,1,仓库 / 海外仓 / 上传备货单装箱信息,仓库,,否,是,是,P2,否,其他,,否,否,,,按店铺循环 + 分页,保留,公共 ERP 业务接口，非平台专属
LX-5567B5700B78,仓库,海外仓,,创建待发货/待收货/已完成的备货单,创建待发货/待收货/已完成的备货单,/docs/Warehouse/CreateInbound.md,POST,/erp/sc/routing/owms/inbound/createInbound,支持创建“待发货/待收货/已完成”状态备货单，请求成功后，对应备货单在列表“待发货/待收货/已完成”状态。,1,仓库 / 海外仓 / 创建待发货/待收货/已完成的备货单,仓库,,否,是,是,P2,否,其他,,是,是,"estimated_time, arrival_time, real_delivery_time",,按店铺循环 + 按日期分段增量,保留,公共 ERP 业务接口，非平台专属
LX-9AE1466FB085,仓库,海外仓,,删除备货单,删除备货单,/docs/Warehouse/DeleteOverSeaStockOrder.md,DELETE,/basicOpen/overSeaWarehouse/stockOrder/delete,支持操作删除状态为待审批，待配货，待发货，已驳回的海外仓备货单,1,仓库 / 海外仓 / 删除备货单,"仓库, 销售",,否,是,是,P2,否,无,,否,否,,,全量 / 人工确认,保留,公共 ERP 业务接口，非平台专属
LX-87182E99B1B7,仓库,海外仓,,备货单分批收货,备货单分批收货,/docs/Warehouse/inboundBatchesReceipt.md,POST,/erp/sc/routing/owms/inbound/batchesReceipt,备货单分批收货,1,仓库 / 海外仓 / 备货单分批收货,仓库,,否,否,否,P3,否,无,,否,否,,,全量 / 人工确认,保留,公共 ERP 业务接口，非平台专属
LX-E8270027E4C1,仓库,海外仓,,备货单分配库存,备货单分配库存,/docs/Warehouse/overseaStockOrderAllocate.md,POST,/basicOpen/overSeaWarehouse/stockOrder/allocate,备货单分配库存,1,仓库 / 海外仓 / 备货单分配库存,"仓库, 销售",,否,否,否,P3,否,无,,否,否,,,全量 / 人工确认,保留,公共 ERP 业务接口，非平台专属
LX-3E19FAF15A8D,仓库,海外仓,,备货单结束到货,备货单结束到货,/docs/Warehouse/inboundCompleteReceipt.md,POST,/erp/sc/routing/owms/inbound/completeReceipt,备货单结束到货,1,仓库 / 海外仓 / 备货单结束到货,仓库,,否,否,否,P3,否,无,,否,否,,,全量 / 人工确认,保留,公共 ERP 业务接口，非平台专属
LX-01FE108B1B92,仓库,海外仓,,更新备货单,更新备货单,/docs/Warehouse/updateInbound.md,POST,/erp/sc/routing/owms/inbound/updateInbound,更新备货单,1,仓库 / 海外仓 / 更新备货单,仓库,,否,否,否,P3,否,其他,,否,是,"estimated_time, arrival_time, real_delivery_time",,按店铺循环 + 按日期分段增量,保留,公共 ERP 业务接口，非平台专属
LX-25557AAD1424,仓库,海外仓,,更新备货单物流信息,更新备货单物流信息,/docs/Warehouse/UpdateLogistics.md,POST,/erp/sc/routing/owms/inbound/updateLogistics,更新备货单物流信息,1,仓库 / 海外仓 / 更新备货单物流信息,仓库,,否,否,否,P3,否,无,,否,否,,,全量 / 人工确认,保留,公共 ERP 业务接口，非平台专属
LX-ACB0219BB470,仓库,海外仓,,查询备货单收货记录,查询备货单收货记录,/docs/Warehouse/GetReceiveGoodRecords.md,POST,/erp/sc/routing/owms/inbound/getReceiveGoodRecords,查询备货单收货记录,1,仓库 / 海外仓 / 查询备货单收货记录,仓库,,是,否,否,P0,是,offset/length,,是,是,"start_date, end_date",,按日期分段增量,保留,公共 ERP 业务接口，非平台专属
LX-E5E2F516B966,仓库,海外仓,,查询备货单装箱信息,查询备货单装箱信息,/docs/Warehouse/getPackingData.md,GET,/erp/sc/routing/owms/inbound/getPackingData,查询备货单装箱信息,1,仓库 / 海外仓 / 查询备货单装箱信息,仓库,,是,否,否,P0,是,无,,是,否,,,全量 / 人工确认,保留,公共 ERP 业务接口，非平台专属
LX-EB2B3813F515,仓库,海外仓,,查询备货单详情,查询备货单详情,/docs/Warehouse/OverSeasStockDetail.md,POST,/basicOpen/overSeaWarehouse/stockOrder/detail,查询备货单详情,1,仓库 / 海外仓 / 查询海外仓备货单详情,仓库,,是,否,否,P0,是,无,,是,否,,,全量 / 人工确认,保留,公共 ERP 业务接口，非平台专属
LX-87EAA59FF5C7,仓库,海外仓,,查询海外仓sku配对列表,查询海外仓sku配对列表,/docs/Warehouse/OverseaWarehouseMatchList.md,POST,/basicOpen/overseaWarehouseSetting/matchList,查询海外仓sku配对列表,1,仓库 / 海外仓 / 查询海外仓sku配对列表,"仓库, 产品",,否,是,是,P2,否,offset/length,200,是,否,,,全量后分页,保留,公共 ERP 业务接口，非平台专属
LX-7773B7A1FDF9,仓库,海外仓,,查询海外仓备货单列表,查询海外仓备货单列表,/docs/Warehouse/listInbound.md,POST,/erp/sc/routing/owms/inbound/listInbound,支持查询海外仓备货单列表，对应系统【仓库】>【海外仓备货单】数据,1,仓库 / 海外仓 / 查询海外仓备货单列表,仓库,,是,否,否,P0,是,其他,50,是,是,"create_time_from, create_time_to, date_type",,按日期分段增量,保留,公共 ERP 业务接口，非平台专属
LX-DE77858CC887,仓库,海外仓,,查询移除入库单列表,查询移除入库单列表,/docs/Warehouse/removalInboundList.md,POST,/erp/sc/routing/owms/removalInbound/list,查询移除入库单列表,1,仓库 / 海外仓 / 查询移除入库单列表,仓库,,是,否,否,P0,是,offset/length,1000,是,是,"start_date, end_date",,按日期分段增量,保留,公共 ERP 业务接口，非平台专属
LX-814E67414272,仓库,海外仓,,查询系统产品与第三方海外仓产品映射列表,查询系统产品与第三方海外仓产品映射列表,/docs/Warehouse/matchSkuList.md,POST,/erp/sc/routing/owms/inbound/matchSkuList,支持查询本地产品与第三方海外仓产品映射列表,1,仓库 / 海外仓 / 查询系统产品与第三方海外仓产品映射列表,"仓库, 产品",,是,否,否,P0,是,offset/length,,是,否,,,全量后分页,保留,公共 ERP 业务接口，非平台专属
LX-3B84A6C4C9B4,仓库,海外仓,,海外仓备货单发货,海外仓备货单发货,/docs/Warehouse/SendInbound.md,POST,/erp/sc/routing/owms/inbound/sendInbound,支持将系统已有的海外仓备货单状态调整为“待收货”，并扣减发货仓库库存,1,仓库 / 海外仓 / 海外仓备货单发货,仓库,,否,是,是,P2,否,无,,是,否,,,全量 / 人工确认,保留,公共 ERP 业务接口，非平台专属
LX-EBADE37CF17C,仓库,海外仓,,获取备货单号,获取备货单号,/docs/Warehouse/listOrderNos.md,POST,/erp/sc/routing/owms/inbound/listOrderNos,获取备货单号,1,仓库 / 海外仓 / 获取备货单号,"仓库, 销售",,是,否,否,P0,是,无,,否,否,,,全量 / 人工确认,保留,公共 ERP 业务接口，非平台专属
LX-AAFAE3E2B6D6,仓库,海外仓,,获取第三方SKU标签PDF文件,获取第三方SKU标签PDF文件,/docs/Warehouse/productLabel.md,POST,/erp/sc/routing/owms/inbound/productLabel,支持获取谷仓、西邮智仓、易仓的第三方SKU标签PDF文件,1,仓库 / 海外仓 / 获取第三方SKU标签PDF文件,"仓库, 产品",,是,否,否,P0,是,无,,否,否,,,全量 / 人工确认,保留,公共 ERP 业务接口，非平台专属
LX-BED54283FB2B,仓库,海外仓,,获取第三方箱唛,获取第三方箱唛,/docs/Warehouse/packageLabel.md,POST,/erp/sc/routing/owms/inbound/packageLabel,支持获取谷仓、西邮智仓、易仓的箱唛PDF文件,1,仓库 / 海外仓 / 获取第三方箱唛,仓库,,是,否,否,P0,是,无,,否,否,,,全量 / 人工确认,保留,公共 ERP 业务接口，非平台专属
LX-051118326D63,仓库,装箱管理,,装箱任务-任务列表,装箱任务-任务列表,/docs/Warehouse/PackingTaskList.md,POST,/basicOpen/packingTask/list,查询装箱任务列表，支持按仓库、装箱员、装箱情况、单据类型等条件筛选,1,仓库 / 装箱管理 / 装箱任务-任务列表,仓库,,是,否,否,P0,是,offset/length,200,是,是,"searchFieldTime, startDate, endDate",,按日期分段增量,保留,公共 ERP 业务接口，非平台专属
LX-8C46310BDBDA,仓库,装箱管理,,装箱任务-任务详情,装箱任务-任务详情,/docs/Warehouse/PackingTaskDetail.md,POST,/basicOpen/packingTask/taskDetail,装箱任务-任务详情,1,仓库 / 装箱管理 / 装箱任务-任务详情,仓库,,是,否,否,P0,是,无,,否,否,,,全量 / 人工确认,保留,公共 ERP 业务接口，非平台专属
LX-5094B5DD4252,仓库,装箱管理,,装箱任务-删除装箱任务,装箱任务-删除装箱任务,/docs/Warehouse/PackingTaskDel.md,POST,/basicOpen/packingTask/delTask,装箱任务-删除装箱任务,1,仓库 / 装箱管理 / 装箱任务-删除装箱任务,仓库,,否,是,是,P2,否,无,,否,否,,,全量 / 人工确认,保留,公共 ERP 业务接口，非平台专属
LX-EE7D15BC8C4F,仓库,装箱管理,,装箱任务-单据列表,装箱任务-单据列表,/docs/Warehouse/PackingTaskRelateSnList.md,POST,/basicOpen/packingTask/getRelateSnList,查询可创建装箱任务的列表,1,仓库 / 装箱管理 / 装箱任务-单据列表,仓库,,是,否,否,P0,是,无,,是,是,"startDate, endDate",,按日期分段增量,保留,公共 ERP 业务接口，非平台专属
LX-9B0AEF588990,仓库,装箱管理,,装箱任务-批量编辑装箱信息,装箱任务-批量编辑装箱信息,/docs/Warehouse/PackingTaskBatchEdit.md,POST,/basicOpen/packingTask/batchEditPackingBox,装箱任务-批量编辑装箱信息,1,仓库 / 装箱管理 / 装箱任务-批量编辑装箱信息,仓库,,否,是,是,P2,否,其他,,否,否,,,全量后分页,保留,公共 ERP 业务接口，非平台专属
LX-DBA03B840847,仓库,装箱管理,,装箱任务-标记已完成,装箱任务-标记已完成,/docs/Warehouse/PackingTaskFinish.md,POST,/basicOpen/packingTask/finishTask,装箱任务-标记已完成,1,仓库 / 装箱管理 / 装箱任务-标记已完成,仓库,,否,是,是,P2,否,无,,否,是,needUpdate,,按日期分段增量,保留,公共 ERP 业务接口，非平台专属
LX-633648A48963,仓库,装箱管理,,装箱任务-生成装箱任务,装箱任务-生成装箱任务,/docs/Warehouse/PackingTaskAdd.md,POST,/basicOpen/packingTask/addTask,装箱任务-生成装箱任务,1,仓库 / 装箱管理 / 装箱任务-生成装箱任务,仓库,,否,否,否,P3,否,无,,否,否,,,全量 / 人工确认,保留,公共 ERP 业务接口，非平台专属
LX-320D9D20B37C,基础数据,,,下载附件,下载附件,/docs/BasicData/AttachmentDownload.md,POST,/erp/sc/routing/common/file/download,支持下载产品附件,1,基础数据 / 下载附件,产品,,是,否,否,P1,否,无,,是,否,,,全量 / 人工确认,保留,公共 ERP 业务接口，非平台专属
LX-99132180876E,基础数据,,,修改我的汇率,修改我的汇率,/docs/BasicData/ExchangeRateUpdate.md,POST,/basicOpen/settings/exchangeRate/update,修改我的汇率,1,基础数据 / 修改我的汇率,工作台,,否,是,是,P2,否,无,,是,是,date,,按日期分段增量,保留,公共 ERP 业务接口，非平台专属
LX-A07E627F7B70,基础数据,,,定制化附件下载接口,定制化附件下载接口,/docs/BasicData/CustomAttachmentDownload.md,POST,/erp/sc/routing/customized/file/download,定制化附件下载接口,1,基础数据 / 下载定制化附件,工作台,,是,否,否,P1,否,无,,否,否,,,全量 / 人工确认,保留,公共 ERP 业务接口，非平台专属
LX-1BE23A99A7E9,基础数据,,,批量修改店铺名称,批量修改店铺名称,/docs/BasicData/SellerBatchRename.md,POST,/erp/sc/data/seller/batchEditSellerName,批量修改店铺名称,1,基础数据 / 批量修改店铺名称,工作台,,否,是,是,P2,否,无,,否,否,,,全量 / 人工确认,保留,公共 ERP 业务接口，非平台专属
LX-04CE920F9507,基础数据,,,查询ERP用户信息列表,查询ERP用户信息列表,/docs/BasicData/AccoutLists.md,GET,/erp/sc/data/account/lists,查询得到企业开启的全部ERP账号数据,1,基础数据 / 查询ERP用户信息列表,工作台,,是,否,否,P1,否,无,,否,否,,,全量 / 人工确认,保留,公共 ERP 业务接口，非平台专属
LX-CDEC1BCCBD6A,基础数据,,,获取国家下的州、省编码,获取国家下的州、省编码,/docs/BasicData/StateList.md,POST,/basicOpen/multiplatform/profit/report/stateList,获取国家下的州、省编码,1,基础数据 / 获取国家下的州、省编码,工作台,,是,否,否,P1,否,无,,是,否,,,全量 / 人工确认,保留,公共 ERP 业务接口，非平台专属
LX-3A4304922BAA,多平台,,,WFS货件暂存,WFS货件暂存,/docs/MultiPlatform/V2/multiplatformCargoStorage.md,POST,/basicOpen/multiplatform/cargo/storage,WFS货件暂存,1,多平台 / WFS货件暂存,仓库,,否,否,否,P3,否,无,,是,是,cargo_goods_list[].expected_arrival_time,,按店铺循环 + 按日期分段增量,保留,Walmart/WFS 专属或相关接口
LX-6476F601BDF1,多平台,,,Walmart修改库存,Walmart修改库存,/docs/MultiPlatform/V2/WalmartPublishQueue.md,POST,/basicOpen/multiplatform/walmart/publishQueue,Walmart修改库存,1,多平台 / Walmart修改库存,Walmart,,否,是,是,P2,否,无,,是,否,,,全量 / 人工确认,保留,Walmart/WFS 专属或相关接口
LX-A8AF20B777AE,多平台,,,修改平台仓发货单备注,修改平台仓发货单备注,/docs/MultiPlatform/V2/ModifyPlatformRemark.md,POST,/cepf/warehouse/api/openApi/editPlatfromShippingRemark,修改平台仓发货单备注,1,多平台 / 修改平台仓发货单备注,工作台,,否,是,是,P2,否,无,,否,否,,,全量 / 人工确认,保留,多平台通用接口，未命中非 Walmart 平台关键词，可用于 Walmart 订单/发货/配对等链路
LX-1D4F82B9EC6C,多平台,,,创建订单,创建订单,/docs/MultiPlatform/V2/CreateOrdersV2.md,POST,/pb/mp/order/v2/create,创建多平台店铺手工单，包含自定义平台订单，对应系统中订单类型为“手工订单”类型,10,多平台 / 创建订单,销售,,否,是,是,P2,否,无,,否,是,"orders[].global_purchase_time, orders[].global_payment_time",,按店铺循环 + 按日期分段增量,保留,多平台通用接口，未命中非 Walmart 平台关键词，可用于 Walmart 订单/发货/配对等链路
LX-72F91B3597A5,多平台,,,删除暂存货件,删除暂存货件,/docs/MultiPlatform/V2/DeleteCargoStorage.md,POST,/basicOpen/multiplatform/deleteCargoStorage,删除暂存货件,1,多平台 / 删除暂存货件,仓库,,否,是,是,P2,否,其他,,是,否,,,全量后分页,保留,多平台通用接口，未命中非 Walmart 平台关键词，可用于 Walmart 订单/发货/配对等链路
LX-B6C99BAA3905,多平台,,,合并订单,合并订单,/docs/MultiPlatform/V2/MergeOrder.md,POST,/pb/mp/order/v2/mergeOrder,合并订单,10,多平台 / 合并订单,销售,,否,否,否,P3,否,无,,否,否,,,全量 / 人工确认,保留,多平台通用接口，未命中非 Walmart 平台关键词，可用于 Walmart 订单/发货/配对等链路
LX-D0A92205A559,多平台,,,审核发货,审核发货,/docs/MultiPlatform/BatchReview.md,POST,/basicOpen/openapi/multiplatform/order/review,订单管理审核发货，对应系统中订单管理“待审核发货”类型的订单进行审核发货,1,多平台 / 审核发货,销售,,否,是,是,P2,否,无,,否,否,,,全量 / 人工确认,保留,多平台通用接口，未命中非 Walmart 平台关键词，可用于 Walmart 订单/发货/配对等链路
LX-E4F62AF71863,多平台,,,平台仓发货单分配库存,平台仓发货单分配库存,/docs/MultiPlatform/V2/shippingOrderAllocate.md,POST,/basicOpen/multiplatform/allocate/stock,平台仓发货单分配库存,1,多平台 / 平台仓发货单分配库存,销售,,否,是,是,P2,否,无,,是,否,,,全量 / 人工确认,保留,多平台通用接口，未命中非 Walmart 平台关键词，可用于 Walmart 订单/发货/配对等链路
LX-0EF3921B4688,多平台,,,平台仓发货单发货,平台仓发货单发货,/docs/MultiPlatform/V2/shippingOrderDelivery.md,POST,/basicOpen/multiplatform/shippingList/delivery,平台仓发货单发货,1,多平台 / 平台仓发货单发货,销售,,否,是,是,P2,否,无,,是,否,,,全量 / 人工确认,保留,多平台通用接口，未命中非 Walmart 平台关键词，可用于 Walmart 订单/发货/配对等链路
LX-1AA8D77AEA04,多平台,,,平台仓发货单拣货,平台仓发货单拣货,/docs/MultiPlatform/V2/shippingOrderPicking.md,POST,/basicOpen/multiplatform/shippingList/picking,平台仓发货单拣货,1,多平台 / 平台仓发货单拣货,销售,,否,是,是,P2,否,无,,是,否,,,全量 / 人工确认,保留,多平台通用接口，未命中非 Walmart 平台关键词，可用于 Walmart 订单/发货/配对等链路
LX-B1D5E5BD6509,多平台,,,快速出库,快速出库,/docs/MultiPlatform/V2/FastOutboundV2.md,POST,/pb/mp/order/v2/fastOutbound,"创建一个""快速出库""请求的异步任务，如需获取快速出库结果，请在发送请求额外调用[获取快速出库结果](/docs/MultiPlatform/V2/GetFastOutboundResultV2.md)接口",10,多平台 / 快速出库,仓库,,否,否,否,P3,否,其他,,否,否,,,全量后分页,保留,多平台通用接口，未命中非 Walmart 平台关键词，可用于 Walmart 订单/发货/配对等链路
LX-9A6E1D56E418,多平台,,,批量添加、编辑多平台配对关系,批量添加、编辑多平台配对关系,/docs/MultiPlatform/V2/pairMultiPlatformV2.md,POST,/pb/mp/listing/v2/pairMultiPlatform,批量添加、编辑多平台配对关系,10,多平台 / 批量添加/编辑多平台配对关系,工作台,,否,是,是,P2,否,无,,否,否,,,全量 / 人工确认,保留,多平台通用接口，未命中非 Walmart 平台关键词，可用于 Walmart 订单/发货/配对等链路
LX-F05BAD345036,多平台,,,拆分订单,拆分订单,/docs/MultiPlatform/V2/SplitOrder.md,POST,/pb/mp/order/v2/splitOrder,拆分订单,10,多平台 / 拆分订单,销售,,否,否,否,P3,否,无,,否,否,,,全量 / 人工确认,保留,多平台通用接口，未命中非 Walmart 平台关键词，可用于 Walmart 订单/发货/配对等链路
LX-F9AD2E4B84C4,多平台,,,更新订单客服备注,更新订单客服备注,/docs/MultiPlatform/V2/mpOrderUpdateV2.md,POST,/pb/mp/order/setRemark,支持更新订单内的【客服备注】,10,多平台 / 更新订单客服备注,"售后, 销售",,否,否,否,P1,否,无,,否,否,,,全量 / 人工确认,保留,多平台通用接口，未命中非 Walmart 平台关键词，可用于 Walmart 订单/发货/配对等链路
LX-531E7CE81EF4,多平台,,,查询WFS库存列表,查询WFS库存列表,/docs/MultiPlatform/V2/QueryWFSInventionPage.md,POST,/cepf/warehouse/api/openApi/queryWFSInventionPage,查询WFS库存列表,10,多平台 / 查询WFS库存列表,工作台,,是,否,否,P0,是,offset/length,200,是,否,,,按店铺循环 + 分页,保留,Walmart/WFS 专属或相关接口
LX-C95DBD64F2A9,多平台,,,查询WFS货件列表,查询WFS货件列表,/docs/MultiPlatform/V2/QueryWFSCargoPage.md,POST,/cepf/warehouse/api/openApi/queryWFSCargoPage,查询WFS货件列表,10,多平台 / 查询WFS货件列表,仓库,,是,否,否,P1,否,offset/length,200,是,是,"start_time, end_time, update_time_ge, update_time_le, cargo_update_time_ge, cargo_update_time_le",,按店铺循环 + 按日期分段增量,保留,Walmart/WFS 专属或相关接口
LX-1074DDF41A1A,多平台,,,查询WFS货件可添加商品列表,查询WFS货件可添加商品列表,/docs/MultiPlatform/V2/addCargoGoodsList.md,POST,/basicOpen/multiplatform/cargo/addCargoGoods/list,支持查询可以在货件内添加所选店铺下可用于WFS配送的商品（需要商品的配送方式为Walmart Fulfilled以及WFS Eligible），数据来源为领星系统下的Walmart在线商品,1,多平台 / 查询WFS货件可添加商品列表,"Walmart, 仓库",,否,是,是,P2,否,offset/length,200,是,否,,,按店铺循环 + 分页,保留,Walmart/WFS 专属或相关接口
LX-6EFCDB06A626,多平台,,,查询Walmart Review列表,查询Walmart Review列表,/docs/MultiPlatform/WalmartCommentList.md,POST,/basicOpen/multiplatform/walmart/queryCommentList,查询Walmart Review列表,1,多平台 / 查询Walmart Review列表,Walmart,,是,否,否,P1,否,pageNum/pageSize,,是,是,"endDate, searchDateField, startDate",,按店铺循环 + 按日期分段增量,保留,Walmart/WFS 专属或相关接口
LX-9212623D77EA,多平台,,,查询Walmart在线商品,查询Walmart在线商品,/docs/MultiPlatform/V2/walmartList.md,POST,/basicOpen/multiplatform/walmart/list,查询Walmart在线商品,1,多平台 / 查询Walmart在线商品列表,Walmart,,是,否,否,P0,是,offset/length,200,是,是,"listing_time_field, listing_start_time, listing_end_time",不超过31天,按店铺循环 + 按日期分段增量,保留,Walmart/WFS 专属或相关接口
LX-B7DA9DE52C6A,多平台,,,查询可用报告列表 - Walmart Payment,查询可用报告列表 - Walmart Payment,/docs/MultiPlatform/V2/WalmartPaymentQueryReport.md,POST,/cepf/fms/openapi/walmartPayment/queryReport,查询可用报告列表 - Walmart Payment,10,多平台 / 查询可用报告列表 - Walmart Payment,Walmart,,是,否,否,P1,否,无,,否,否,,,全量 / 人工确认,保留,Walmart/WFS 专属或相关接口
LX-F8354824E040,多平台,,,查询多平台店铺信息,查询多平台店铺信息,/docs/MultiPlatform/V2/StoreInfoV2.md,POST,/pb/mp/shop/v2/getSellerList,支持查询多平台店铺基础信息，其中store_id为多平台店铺唯一,10,多平台 / 查询多平台店铺信息,工作台,,是,否,否,P0,是,offset/length,200,是,否,,,按店铺循环 + 分页,保留,多平台通用接口，未命中非 Walmart 平台关键词，可用于 Walmart 订单/发货/配对等链路
LX-2C3EA8AD49D5,多平台,,,查询多平台配对列表,查询多平台配对列表,/docs/MultiPlatform/V2/PairListV2.md,POST,/pb/mp/listing/v2/getPairList,获取多平台系统中【产品】>【配对列表】中数据已配对的数据。该模块数据为多平台MSKU与本地SKU的配对关系,10,多平台 / 查询多平台配对列表,产品,,否,是,是,P2,否,offset/length,,是,是,"start_time, end_time",,按店铺循环 + 按日期分段增量,保留,多平台通用接口，未命中非 Walmart 平台关键词，可用于 Walmart 订单/发货/配对等链路
LX-C99E2D00C76D,多平台,,,查询平台仓发货单列表,查询平台仓发货单列表,/docs/MultiPlatform/V2/QueryShippingListPage.md,POST,/cepf/warehouse/api/openApi/queryShippingListPage,该接口仅支持walmart，现已提供v2接口[查询平台仓发货单列表v2](docs/MultiPlatform/V2/QueryShippingListV2.md)，支持多平台下全部平台的平台仓发货单列表数据,10,多平台 / 查询平台仓发货单列表,Walmart,,否,是,是,P2,否,offset/length,200,是,是,"start_time, end_time",,按店铺循环 + 按日期分段增量,保留,Walmart/WFS 专属或相关接口
LX-9D5A176AC470,多平台,,,查询平台仓发货单列表v2,查询平台仓发货单列表v2,/docs/MultiPlatform/V2/QueryShippingListV2.md,POST,/basicOpen/multiplatform/query/shippingList,原接口接口仅支持walmart，现已提供v2接口，支持多平台下全部平台的平台仓发货单列表数据,1,多平台 / 查询平台仓发货单列表v2,Walmart,,否,是,是,P2,否,offset/length,,是,是,"timeField, startTime, endTime, updateStartTime, updateEndTime",,按店铺循环 + 按日期分段增量,保留,Walmart/WFS 专属或相关接口
LX-418571887440,多平台,,,查询平台仓发货单详情,查询平台仓发货单详情,/docs/MultiPlatform/V2/shippingDetailByCode.md,POST,/basicOpen/multiplatform/query/shippingDetail,查询平台仓发货单详情,1,多平台 / 查询平台仓发货单详情,工作台,,否,是,是,P2,否,无,,否,否,,,全量 / 人工确认,保留,多平台通用接口，未命中非 Walmart 平台关键词，可用于 Walmart 订单/发货/配对等链路
LX-C4DB859443E2,多平台,,,查询平台订单列表,查询平台订单列表,/docs/MultiPlatform/V2/newPlatformOrderList.md,POST,/cepfPlatformOrder/open-api/newPlatformOrder/list,查询平台订单列表,1,多平台 / 查询平台订单列表,销售,,是,否,否,P0,是,pageNum/pageSize,,是,是,"dateType, sortField, startDate, endDate",,按店铺循环 + 按日期分段增量,保留,多平台通用接口，未命中非 Walmart 平台关键词，可用于 Walmart 订单/发货/配对等链路
LX-66894A74C546,多平台,,,查询报告详情 - Walmart Payment,查询报告详情 - Walmart Payment,/docs/MultiPlatform/V2/WalmartPaymentQueryPage.md,POST,/cepf/fms/openapi/walmartPayment/queryPage,查询报告详情 - Walmart Payment,10,多平台 / 查询报告详情 - Walmart Payment,Walmart,,是,否,否,P1,否,offset/length,200,是,是,"report_id, transaction_posted_timestamp_start, transaction_posted_timestamp_end",,按店铺循环 + 按日期分段增量,保留,Walmart/WFS 专属或相关接口
LX-5C93F09C1D1B,多平台,,,查询订单管理订单列表,查询订单管理订单列表,/docs/MultiPlatform/V2/MultiPlatOrderV2.md,POST,/pb/mp/order/v2/list,>数据对应多平台管理系统中【订单】>【订单管理】的订单数据，涵盖所有平台自发货订单数据,10,多平台 / 查询订单管理订单列表,销售,,是,否,否,P0,是,offset/length,500,是,是,"date_type, start_time, end_time",跨度不能超过31天,按店铺循环 + 按日期分段增量,保留,多平台通用接口，未命中非 Walmart 平台关键词，可用于 Walmart 订单/发货/配对等链路
LX-4BEBA8523762,多平台,,,查询退件地址列表,查询退件地址列表,/docs/MultiPlatform/V2/addressReturnAddressList.md,POST,/basicOpen/multiplatform/address/returnAddressList,查询退件地址列表,1,多平台 / 查询退件地址列表,售后,,是,否,否,P1,否,无,,是,否,,,全量 / 人工确认,保留,多平台通用接口，未命中非 Walmart 平台关键词，可用于 Walmart 订单/发货/配对等链路
LX-A4FD6B748623,多平台,,,查询销量统计列表v2,查询销量统计列表v2,/docs/Statistics/PlatformStatisticsSaleStatPageListV2.md,POST,/basicOpen/platformStatisticsV2/saleStat/pageList,查询销量统计列表v2,1,多平台 / 查询多平台销量统计v2,运营,,是,否,否,P1,否,其他,,是,是,"start_date, end_date, date_unit",不超过90天,按店铺循环 + 按日期分段增量,保留,多平台通用接口，未命中非 Walmart 平台关键词，可用于 Walmart 订单/发货/配对等链路
LX-25313630C917,多平台,,,标记订单不发货,标记订单不发货,/docs/MultiPlatform/V2/CancelOrder.md,POST,/pb/mp/order/v2/cancelOrder,标记订单不发货,10,多平台 / 标记订单不发货,销售,,否,是,是,P2,否,无,,否,否,,,全量 / 人工确认,保留,多平台通用接口，未命中非 Walmart 平台关键词，可用于 Walmart 订单/发货/配对等链路
LX-DCEB8C231969,多平台,,,编辑/更新自发货订单,编辑/更新自发货订单,/docs/MultiPlatform/V2/UpdateOrderV2.md,POST,/pb/mp/order/v2/updateOrder,批量编辑更新【订单管理】模块“待审核”状态订单,10,多平台 / 编辑/更新自发货订单,销售,,否,是,是,P2,否,无,,否,否,,,全量 / 人工确认,保留,多平台通用接口，未命中非 Walmart 平台关键词，可用于 Walmart 订单/发货/配对等链路
LX-3BAA5CBA09DF,多平台,,,编辑订单,编辑订单,/docs/MultiPlatform/V2/EditOrderV2.md,POST,/pb/mp/order/editOrder,编辑订单,10,多平台 / 编辑订单（新版）,销售,,否,是,是,P2,否,无,,否,否,,,全量 / 人工确认,保留,多平台通用接口，未命中非 Walmart 平台关键词，可用于 Walmart 订单/发货/配对等链路
LX-2B737D7329A7,多平台,,,获取快速出库结果,获取快速出库结果,/docs/MultiPlatform/V2/GetFastOutboundResultV2.md,POST,/pb/mp/order/v2/getFastOutboundResult,获取快速出库结果,10,多平台 / 获取快速出库结果,仓库,,是,否,否,P1,否,无,,否,否,,,全量 / 人工确认,保留,多平台通用接口，未命中非 Walmart 平台关键词，可用于 Walmart 订单/发货/配对等链路
LX-3AE2636790C1,多平台,,,订单发货,订单发货,/docs/MultiPlatform/V2/selfShipmentOrderDeliveryGoods.md,POST,/basicOpen/selfShipmentOrder/deliveryGoods,对应订单管理-》发货 操作，对系统订单标记出库，扣减库存,1,多平台 / 订单发货,"仓库, 销售",,否,是,是,P2,否,无,,是,否,,,全量 / 人工确认,保留,多平台通用接口，未命中非 Walmart 平台关键词，可用于 Walmart 订单/发货/配对等链路
LX-715956D8FA89,多平台,,,订单称重,订单称重,/docs/MultiPlatform/V2/setOrderWeighed.md,POST,/erp/sc/routing/wms/order/setOrderWeighed,订单称重,1,多平台 / 订单称重,销售,,否,否,否,P3,否,无,,是,否,,,全量 / 人工确认,保留,多平台通用接口，未命中非 Walmart 平台关键词，可用于 Walmart 订单/发货/配对等链路
LX-06B2902A5005,多平台,,,预发货,预发货,/docs/MultiPlatform/PreShipment.md,POST,/basicOpen/openapi/multiplatform/order/preShipment,订单管理预发货，对应系统中订单管理“待审核发货”类型的订单进行预发货,1,多平台 / 预发货,销售,,否,是,是,P2,否,无,,否,否,,,全量 / 人工确认,保留,多平台通用接口，未命中非 Walmart 平台关键词，可用于 Walmart 订单/发货/配对等链路
LX-571E669C2E50,多平台,售后订单,,多平台-Walmart售后订单列表,多平台-Walmart售后订单列表,/docs/MultiPlatform/V2/WalmartReturnOrderList.md,POST,/basicOpen/openapi/multiplatform/walmart/returnOrder/list,多平台-Walmart售后订单列表,1,多平台 / 售后订单 / 多平台-Walmart售后订单列表,"Walmart, 售后, 销售",,是,否,否,P0,是,pageNum/pageSize,,是,是,"startDate, endDate, dateType, sortField",不超过一年,按店铺循环 + 按日期分段增量,保留,Walmart/WFS 专属或相关接口
LX-1AD86690E18F,多平台,广告,Walmart广告,查询沃尔玛-广告 - SB广告 - 关键词,查询沃尔玛-广告 - SB广告 - 关键词,/docs/MultiPlatform/Advertisement/walmart-reportKeywordSbList_21.md,POST,/basicOpen/multiplatform/ads/reportKeywordSbList,查询沃尔玛-广告 - SB广告 - 关键词,1,多平台 / 广告 / Walmart广告 / 查询沃尔玛-广告-SB广告-关键词,"Walmart, 广告",,是,否,否,P1,否,pageNum/pageSize,200,是,是,"endDate, startDate, orderField",间隔不能超过31天,按店铺循环 + 按日期分段增量,保留,Walmart/WFS 专属或相关接口
LX-5182D556071A,多平台,广告,Walmart广告,查询沃尔玛-广告 - SB广告 - 平台,查询沃尔玛-广告 - SB广告 - 平台,/docs/MultiPlatform/Advertisement/walmart-reportPlatformSbList_25.md,POST,/basicOpen/multiplatform/ads/reportPlatformSbList,查询沃尔玛-广告 - SB广告 - 平台,1,多平台 / 广告 / Walmart广告 / 查询沃尔玛-广告-SB广告-平台,"Walmart, 广告",,是,否,否,P1,否,pageNum/pageSize,200,是,是,"endDate, startDate, orderField",间隔不能超过31天,按店铺循环 + 按日期分段增量,保留,Walmart/WFS 专属或相关接口
LX-EAFAEC4B71CF,多平台,广告,Walmart广告,查询沃尔玛-广告 - SB广告 - 广告,查询沃尔玛-广告 - SB广告 - 广告,/docs/MultiPlatform/Advertisement/walmart-reportAdItemSbList_16.md,POST,/basicOpen/multiplatform/ads/reportAdItemSbList,查询沃尔玛-广告 - SB广告 - 广告,1,多平台 / 广告 / Walmart广告 / 查询沃尔玛-广告-SB广告-广告,"Walmart, 广告",,是,否,否,P1,否,pageNum/pageSize,200,是,是,"endDate, startDate, orderField",间隔不能超过31天,按店铺循环 + 按日期分段增量,保留,Walmart/WFS 专属或相关接口
LX-FD59C74A55D7,多平台,广告,Walmart广告,查询沃尔玛-广告 - SB广告 - 广告活动,查询沃尔玛-广告 - SB广告 - 广告活动,/docs/MultiPlatform/Advertisement/walmart-reportCampaignSbList_19.md,POST,/basicOpen/multiplatform/ads/reportCampaignSbList,查询沃尔玛-广告 - SB广告 - 广告活动,1,多平台 / 广告 / Walmart广告 / 查询沃尔玛-广告-SB广告-广告活动,"Walmart, 广告",,是,否,否,P1,否,pageNum/pageSize,200,是,是,"endDate, startDate, orderField, realtime",间隔不能超过31天,按店铺循环 + 按日期分段增量,保留,Walmart/WFS 专属或相关接口
LX-7C855BFAF5AA,多平台,广告,Walmart广告,查询沃尔玛-广告 - SB广告 - 广告组,查询沃尔玛-广告 - SB广告 - 广告组,/docs/MultiPlatform/Advertisement/walmart-reportAdGroupSbList_15.md,POST,/basicOpen/multiplatform/ads/reportAdGroupSbList,查询沃尔玛-广告 - SB广告 - 广告组,1,多平台 / 广告 / Walmart广告 / 查询沃尔玛-广告-SB广告-广告组,"Walmart, 广告",,是,否,否,P1,否,pageNum/pageSize,200,是,是,"endDate, startDate, orderField",间隔不能超过31天,按店铺循环 + 按日期分段增量,保留,Walmart/WFS 专属或相关接口
LX-6D6235392322,多平台,广告,Walmart广告,查询沃尔玛-广告 - SB广告 - 页面类型,查询沃尔玛-广告 - SB广告 - 页面类型,/docs/MultiPlatform/Advertisement/walmart-reportPageTypeSbList_24.md,POST,/basicOpen/multiplatform/ads/reportPageTypeSbList,查询沃尔玛-广告 - SB广告 - 页面类型,1,多平台 / 广告 / Walmart广告 / 查询沃尔玛-广告-SB广告-页面类型,"Walmart, 广告",,是,否,否,P1,否,pageNum/pageSize,200,是,是,"endDate, startDate, orderField",间隔不能超过31天,按店铺循环 + 按日期分段增量,保留,Walmart/WFS 专属或相关接口
LX-434F316A392B,多平台,广告,Walmart广告,查询沃尔玛-广告 - SP广告 - 关键词,查询沃尔玛-广告 - SP广告 - 关键词,/docs/MultiPlatform/Advertisement/walmart-reportKeywordSpList_22.md,POST,/basicOpen/multiplatform/ads/reportKeywordSpList,查询沃尔玛-广告 - SP广告 - 关键词,1,多平台 / 广告 / Walmart广告 / 查询沃尔玛-广告-SP广告-关键词,"Walmart, 广告",,是,否,否,P1,否,pageNum/pageSize,200,是,是,"endDate, startDate, orderField",间隔不能超过31天,按店铺循环 + 按日期分段增量,保留,Walmart/WFS 专属或相关接口
LX-646C5878A4CE,多平台,广告,Walmart广告,查询沃尔玛-广告 - SP广告 - 平台,查询沃尔玛-广告 - SP广告 - 平台,/docs/MultiPlatform/Advertisement/walmart-reportPlatformSpList_26.md,POST,/basicOpen/multiplatform/ads/reportPlatformSpList,查询沃尔玛-广告 - SP广告 - 平台,1,多平台 / 广告 / Walmart广告 / 查询沃尔玛-广告-SP广告-平台,"Walmart, 广告",,是,否,否,P1,否,pageNum/pageSize,200,是,是,"endDate, startDate, orderField",间隔不能超过31天,按店铺循环 + 按日期分段增量,保留,Walmart/WFS 专属或相关接口
LX-0CB86D55776C,多平台,广告,Walmart广告,查询沃尔玛-广告 - SP广告 - 广告,查询沃尔玛-广告 - SP广告 - 广告,/docs/MultiPlatform/Advertisement/walmart-reportAdItemSpList_17.md,POST,/basicOpen/multiplatform/ads/reportAdItemSpList,查询沃尔玛-广告 - SP广告 - 广告,1,多平台 / 广告 / Walmart广告 / 查询沃尔玛-广告-SP广告-广告,"Walmart, 广告",,是,否,否,P1,否,pageNum/pageSize,200,是,是,"endDate, startDate, orderField",间隔不能超过31天,按店铺循环 + 按日期分段增量,保留,Walmart/WFS 专属或相关接口
LX-058A66EC8E8E,多平台,广告,Walmart广告,查询沃尔玛-广告 - SP广告 - 广告活动,查询沃尔玛-广告 - SP广告 - 广告活动,/docs/MultiPlatform/Advertisement/walmart-CampaignSpList_3.md,POST,/basicOpen/multiplatform/ads/queryCampaignSpList,查询沃尔玛-广告 - SP广告 - 广告活动,1,多平台 / 广告 / Walmart广告 / 查询沃尔玛-广告-SP广告-广告活动,"Walmart, 广告",,是,否,否,P1,否,pageNum/pageSize,,是,是,"endDate, startDate, orderField",间隔不能超过31天,按店铺循环 + 按日期分段增量,保留,Walmart/WFS 专属或相关接口
LX-31720B315BD9,多平台,广告,Walmart广告,查询沃尔玛-广告 - SP广告 - 广告组,查询沃尔玛-广告 - SP广告 - 广告组,/docs/MultiPlatform/Advertisement/walmart-GroupSpList_9.md,POST,/basicOpen/multiplatform/ads/queryGroupSpList,查询沃尔玛-广告 - SP广告 - 广告组,1,多平台 / 广告 / Walmart广告 / 查询沃尔玛-广告-SP广告-广告组,"Walmart, 广告",,是,否,否,P1,否,pageNum/pageSize,,是,是,"endDate, startDate, orderField",间隔不能超过31天,按店铺循环 + 按日期分段增量,保留,Walmart/WFS 专属或相关接口
LX-5779B4C3F664,多平台,广告,Walmart广告,查询沃尔玛-广告 - SP广告 - 页面类型,查询沃尔玛-广告 - SP广告 - 页面类型,/docs/MultiPlatform/Advertisement/walmart-PageTypeSPList_10.md,POST,/basicOpen/multiplatform/ads/queryPageTypeSPList,查询沃尔玛-广告 - SP广告 - 页面类型,1,多平台 / 广告 / Walmart广告 / 查询沃尔玛-广告-SP广告-页面类型,"Walmart, 广告",,是,否,否,P1,否,pageNum/pageSize,,是,是,"adDatePicker, endDate, startDate",间隔不能超过31天,按日期分段增量,保留,Walmart/WFS 专属或相关接口
LX-DD135F34D7C2,多平台,广告,Walmart广告,查询沃尔玛-广告 - SV广告 - 关键词,查询沃尔玛-广告 - SV广告 - 关键词,/docs/MultiPlatform/Advertisement/walmart-reportKeywordSvList_23.md,POST,/basicOpen/multiplatform/ads/reportKeywordSvList,查询沃尔玛-广告 - SV广告 - 关键词,1,多平台 / 广告 / Walmart广告 / 查询沃尔玛-广告-SV广告-关键词,"Walmart, 广告",,是,否,否,P1,否,pageNum/pageSize,200,是,是,"endDate, startDate, orderField",间隔不能超过31天,按店铺循环 + 按日期分段增量,保留,Walmart/WFS 专属或相关接口
LX-F47DF22109CA,多平台,广告,Walmart广告,查询沃尔玛-广告 - SV广告 - 平台,查询沃尔玛-广告 - SV广告 - 平台,/docs/MultiPlatform/Advertisement/walmart-reportPlatformSvList_27.md,POST,/basicOpen/multiplatform/ads/reportPlatformSvList,查询沃尔玛-广告 - SV广告 - 平台,1,多平台 / 广告 / Walmart广告 / 查询沃尔玛-广告-SV广告-平台,"Walmart, 广告",,是,否,否,P1,否,pageNum/pageSize,200,是,是,"endDate, startDate, orderField",间隔不能超过31天,按店铺循环 + 按日期分段增量,保留,Walmart/WFS 专属或相关接口
LX-40C3F27491DD,多平台,广告,Walmart广告,查询沃尔玛-广告 - SV广告 - 广告,查询沃尔玛-广告 - SV广告 - 广告,/docs/MultiPlatform/Advertisement/walmart-reportAdItemSvList_18.md,POST,/basicOpen/multiplatform/ads/reportAdItemSvList,查询沃尔玛-广告 - SV广告 - 广告,1,多平台 / 广告 / Walmart广告 / 查询沃尔玛-广告-SV广告-广告,"Walmart, 广告",,是,否,否,P1,否,pageNum/pageSize,200,是,是,"endDate, startDate, orderField",间隔不能超过31天,按店铺循环 + 按日期分段增量,保留,Walmart/WFS 专属或相关接口
LX-86309AAB2BAC,多平台,广告,Walmart广告,查询沃尔玛-广告 - SV广告 - 广告活动,查询沃尔玛-广告 - SV广告 - 广告活动,/docs/MultiPlatform/Advertisement/walmart-reportCampaignSvList_20.md,POST,/basicOpen/multiplatform/ads/reportCampaignSvList,查询沃尔玛-广告 - SV广告 - 广告活动,1,多平台 / 广告 / Walmart广告 / 查询沃尔玛-广告-SV广告-广告活动,"Walmart, 广告",,是,否,否,P1,否,pageNum/pageSize,,是,是,"endDate, startDate, orderField",间隔不能超过31天,按店铺循环 + 按日期分段增量,保留,Walmart/WFS 专属或相关接口
LX-541F3B11E6DE,多平台,广告,Walmart广告,查询沃尔玛-广告 - SV广告 - 广告组,查询沃尔玛-广告 - SV广告 - 广告组,/docs/MultiPlatform/Advertisement/walmart-AdGroupSvList_1.md,POST,/basicOpen/multiplatform/ads/queryAdGroupSvList,查询沃尔玛-广告 - SV广告 - 广告组,1,多平台 / 广告 / Walmart广告 / 查询沃尔玛-广告-SV广告-广告组,"Walmart, 广告",,是,否,否,P1,否,pageNum/pageSize,,是,是,"dateKey, endDate, startDate, orderField",间隔不能超过31天,按店铺循环 + 按日期分段增量,保留,Walmart/WFS 专属或相关接口
LX-83BBCE9FCB0E,多平台,广告,Walmart广告,查询沃尔玛-广告 - SV广告 - 页面类型,查询沃尔玛-广告 - SV广告 - 页面类型,/docs/MultiPlatform/Advertisement/walmart-ReportPageTypeSvList_11.md,POST,/basicOpen/multiplatform/ads/queryReportPageTypeSvList,查询沃尔玛-广告 - SV广告 - 页面类型,1,多平台 / 广告 / Walmart广告 / 查询沃尔玛-广告-SV广告-页面类型,"Walmart, 广告",,是,否,否,P1,否,pageNum/pageSize,200,是,是,"endDate, startDate, orderField",间隔不能超过31天,按店铺循环 + 按日期分段增量,保留,Walmart/WFS 专属或相关接口
LX-48F40DDAE6D3,多平台,广告,Walmart广告,查询沃尔玛-词 - 沃尔玛热门搜索词,查询沃尔玛-词 - 沃尔玛热门搜索词,/docs/MultiPlatform/Advertisement/walmart-reportSearchTrendsList_28.md,POST,/basicOpen/multiplatform/ads/reportSearchTrendsList,查询沃尔玛-词 - 沃尔玛热门搜索词,1,多平台 / 广告 / Walmart广告 / 查询沃尔玛-词-沃尔玛热门搜索词,"Walmart, 广告",,是,否,否,P1,否,pageNum/pageSize,,是,是,reportDate,,按日期分段增量,保留,Walmart/WFS 专属或相关接口
LX-1DC15769BD57,多平台,广告,Walmart广告,查询沃尔玛广告主列表,查询沃尔玛广告主列表,/docs/newAd/report/WalmartQueryAdvertiserList.md,POST,/basicOpen/adReport/advertiser/list,查询沃尔玛广告主列表,1,多平台 / 广告 / Walmart广告 / 查询沃尔玛-广告-广告主列表,"Walmart, 广告",,是,否,否,P1,否,page/limit,,是,否,,,全量后分页,保留,Walmart/WFS 专属或相关接口
LX-1524E1C3FF10,多平台,统计,,查询Walmart产品表现,查询Walmart产品表现,/docs/MultiPlatform/WalmartProductAnalysisList.md,POST,/basicOpen/platformStatistics/walmartProductAnalysis/list,查询Walmart产品表现列表数据，对应系统【统计分析】>【多平台产品表现】>【Walmart】数据,1,多平台 / 统计 / 查询Walmart产品表现,"Walmart, 产品, 运营",,是,否,否,P0,是,pageNum/pageSize,,是,是,"startDate, endDate",,按店铺循环 + 按日期分段增量,保留,Walmart/WFS 专属或相关接口
LX-63E99B54ED72,多平台,财务,Walmart财务,Walmart-查询回款明细列表,Walmart-查询回款明细列表,/docs/MultiPlatform/WalmartBillPayoutList.md,POST,/basicOpen/multiplatformFinance/walmart/bill/payout/list,Walmart-查询回款明细列表，支持按店铺、站点、账期、时间和金额比较条件查询 Walmart 回款明细。,1,多平台 / 财务 / Walmart财务 / Walmart-查询回款明细列表,"Walmart, 财务",,是,否,否,P0,是,offset/length,200,是,是,"endDate, startDate",,按店铺循环 + 按日期分段增量,保留,Walmart/WFS 专属或相关接口
LX-727003CFF7B4,多平台,财务,Walmart财务,Walmart-查询结算账单列表,Walmart-查询结算账单列表,/docs/MultiPlatform/WalmartBillStatementList.md,POST,/basicOpen/multiplatformFinance/walmart/bill/statement/list,Walmart-查询结算账单列表，支持按订单、商品、账期、交易类型、金额类型和时间范围查询 Walmart 结算账单明细。,1,多平台 / 财务 / Walmart财务 / Walmart-查询结算账单列表,"Walmart, 财务, 销售",,是,否,否,P0,是,offset/length,200,是,是,"endDate, startDate",,按店铺循环 + 按日期分段增量,保留,Walmart/WFS 专属或相关接口
LX-5D552F4D7A8D,多平台,财务,利润报表,利润报表-列表配置查询,利润报表-列表配置查询,/docs/Finance/ProfitReportConfig.md,POST,/basicOpen/finance/profitReport/config,利润报表-列表配置查询,1,多平台 / 财务 / 利润报表 / 查询利润报表-列表配置,财务,,是,否,否,P1,否,无,,是,否,,,全量 / 人工确认,保留,多平台通用接口，未命中非 Walmart 平台关键词，可用于 Walmart 订单/发货/配对等链路
LX-0BB27D85E792,多平台,财务,利润报表,利润报表-明细列表查询,利润报表-明细列表查询,/docs/Finance/SettlementProfitList.md,POST,/basicOpen/finance/settlement/profitList,利润报表-明细列表查询,1,多平台 / 财务 / 利润报表 / 查询利润报表-明细列表,财务,,是,否,否,P1,否,pageNum/pageSize,200,是,是,"summaryType, startDate, endDate, dateRangeType",,按店铺循环 + 按日期分段增量,保留,多平台通用接口，未命中非 Walmart 平台关键词，可用于 Walmart 订单/发货/配对等链路
LX-DEF946C2CC04,多平台,财务,利润报表（旧）,查询结算利润（利润报表）-msku,查询结算利润（利润报表）-msku,/docs/MultiPlatform/V2/profitReportMsku.md,POST,/basicOpen/multiplatform/profit/report/msku,查询结算利润（利润报表）-msku,1,多平台 / 财务 / 利润报表（旧） / 查询结算利润（利润报表）-msku,"财务, 产品",,是,否,否,P1,否,offset/length,200,是,是,"startDate, endDate",,按店铺循环 + 按日期分段增量,保留,多平台通用接口，未命中非 Walmart 平台关键词，可用于 Walmart 订单/发货/配对等链路
LX-61200503BD63,多平台,财务,利润报表（旧）,查询结算利润（利润报表）-sku,查询结算利润（利润报表）-sku,/docs/MultiPlatform/V2/profitReportSku.md,POST,/basicOpen/multiplatform/profit/report/sku,查询结算利润（利润报表）-sku,1,多平台 / 财务 / 利润报表（旧） / 查询结算利润（利润报表）-sku,"财务, 产品",,是,否,否,P1,否,offset/length,,是,是,"startDate, endDate",,按店铺循环 + 按日期分段增量,保留,多平台通用接口，未命中非 Walmart 平台关键词，可用于 Walmart 订单/发货/配对等链路
LX-77BF3BD27008,多平台,财务,利润报表（旧）,查询结算利润（利润报表）-店铺（旧版）,查询结算利润（利润报表）-店铺（旧版）,/docs/MultiPlatform/V2/profitReportSeller.md,POST,/basicOpen/multiplatform/profit/report/seller,查询结算利润（利润报表）-店铺（旧版）,1,多平台 / 财务 / 利润报表（旧） / 查询结算利润（利润报表）-店铺,财务,,是,否,否,P3,否,offset/length,,是,是,"startDate, endDate",,按店铺循环 + 按日期分段增量,保留,多平台通用接口，未命中非 Walmart 平台关键词，可用于 Walmart 订单/发货/配对等链路
LX-DB6D62E9EE37,多平台,财务,利润报表（旧）,查询结算利润（利润报表）-订单,查询结算利润（利润报表）-订单,/docs/MultiPlatform/V2/profitReportOrder.md,POST,/basicOpen/multiplatform/profit/report/order,查询结算利润（利润报表）-订单,1,多平台 / 财务 / 利润报表（旧） / 查询结算利润（利润报表）-订单,"财务, 销售",,是,否,否,P0,是,offset/length,,是,是,"searchDateType, startDate, endDate",,按店铺循环 + 按日期分段增量,保留,多平台通用接口，未命中非 Walmart 平台关键词，可用于 Walmart 订单/发货/配对等链路
LX-51D280C19061,客服,,,判断是否提交人自选,判断是否提交人自选,/docs/Service/AfterSalesWorkOrderAuditFlowIsUserSelect.md,POST,/basicOpen/customerService/workOrder/auditFlow/isUserSelect,判断售后工单审批流是否需要提交人自选审批人。,1,客服 / 判断是否提交人自选,"售后, 销售",,否,是,是,P2,否,无,,是,否,,,全量 / 人工确认,保留,公共 ERP 业务接口，非平台专属
LX-E18C1FFEB32C,客服,,,提交售后工单,提交售后工单,/docs/Service/AfterSalesWorkOrderAuditFlowSubmit.md,POST,/basicOpen/customerService/workOrder/auditFlow/summit,用于提交创建成功后的售后工单。,1,客服 / 提交售后工单审批流,"售后, 销售",,否,是,是,P2,否,无,,是,否,,,全量 / 人工确认,保留,公共 ERP 业务接口，非平台专属
LX-A8485DB1E3D3,客服,,,查询RMA管理,查询RMA管理,/docs/Service/customerServiceRmaManageList.md,POST,/basicOpen/customerService/rmaManage/list,查询RMA管理,1,客服 / 查询RMA管理,售后,,是,否,否,P1,否,pageNum/pageSize,,是,是,"searchTimeFiled, startTime, endTime",,按店铺循环 + 按日期分段增量,保留,公共 ERP 业务接口，非平台专属
LX-CD351FB7F89D,客服,,,查询业绩通知列表,查询业绩通知列表,/docs/Service/PerformanceNoticeList.md,POST,/basicOpen/customerService/performanceNotice/list,查询业绩通知列表,1,客服 / 查询业绩通知列表,售后,,是,否,否,P1,否,offset/length,,是,是,"startDate, endDate",,按店铺循环 + 按日期分段增量,保留,公共 ERP 业务接口，非平台专属
LX-EF34B93FBA6A,客服,,,查询买家之声列表,查询买家之声列表,/docs/Service/voiceOfBuyerList.md,POST,/basicOpen/customerService/voiceOfBuyer/list,查询买家之声列表,1,客服 / 查询买家之声列表,售后,,是,否,否,P1,否,offset/length,200,是,否,,,按店铺循环 + 分页,保留,公共 ERP 业务接口，非平台专属
LX-5470F505D06E,客服,,,查询售后工单列表,查询售后工单列表,/docs/Service/AfterSalesWorkOrderList.md,POST,/pb/mp/returns/workOrder/list,查询售后工单列表,10,客服 / 查询售后工单列表,"售后, 销售",,是,否,否,P0,是,offset/length,500,是,是,"date_type, start_time, end_time",,按日期分段增量,保留,公共 ERP 业务接口，非平台专属
LX-95DD19D356E9,客服,,,查询客户列表（新）,查询客户列表（新）,/docs/Service/customerServiceCrmcustomerIndex.md,POST,/basicOpen/customerService/crm/customer/index,查询客户列表（新）,1,客服 / 查询客户列表（新）,售后,,是,否,否,P1,否,offset/length,200,是,是,"date_field, start_date, end_date",,按店铺循环 + 按日期分段增量,保留,公共 ERP 业务接口，非平台专属
LX-C1830CE93E50,客服,,,查询客户列表（旧）,查询客户列表（旧）,/docs/Service/CustomerList.md,POST,/bd/crm/open/api/customer/list,本接口即将下线，请尽快切换到：[查询客户列表（新）](docs/Service/customerServiceCrmcustomerIndex),10,客服 / 查询客户列表（旧）,售后,,是,否,否,P3,否,offset/length,,是,是,"time_search_type, start_date, end_date",,按店铺循环 + 按日期分段增量,保留,公共 ERP 业务接口，非平台专属
LX-EA8918986608,客服,,,查询店铺绩效列表,查询店铺绩效列表,/docs/Service/storePerformanceList.md,POST,/basicOpen/customerService/storeTarget/list,查询店铺绩效列表,1,客服 / 查询店铺绩效列表,售后,,是,否,否,P0,是,offset/length,200,是,是,"search_field_time, search_time, anomaly_indicator",,按店铺循环 + 按日期分段增量,保留,公共 ERP 业务接口，非平台专属
LX-54F0AD822356,客服,,,查询店铺绩效详情,查询店铺绩效详情,/docs/Service/PerformanceNoticeDetail.md,POST,/basicOpen/customerService/storeTarget/detail,查询店铺绩效详情,1,客服 / 查询店铺绩效详情,售后,,是,否,否,P0,是,无,,是,是,pullDate,,按店铺循环 + 按日期分段增量,保留,公共 ERP 业务接口，非平台专属
LX-D27EF46B3ADF,客服,,,查询评价管理 4-5星Feedback列表,查询评价管理 4-5星Feedback列表,/docs/Service/FeedbackList.md,POST,/erp/sc/cs/feedback/list,查询评价管理 4-5星Feedback列表,1,客服 / 查询评价管理-4-5星Feedback列表,售后,,是,否,否,P1,否,offset/length,,是,是,"start_date, end_date",,按店铺循环 + 按日期分段增量,保留,公共 ERP 业务接口，非平台专属
LX-B75C246341A6,客服,,,查询评价统计-Feedback列表,查询评价统计-Feedback列表,/docs/Service/feedbackLists.md,POST,/erp/sc/cs/feedbackReport/lists,查询评价统计-Feedback列表,1,客服 / 查询评价统计-Feedback列表,"售后, 运营",,是,否,否,P1,否,offset/length,,是,是,"start_date, end_date",不超过1年,按日期分段增量,保留,公共 ERP 业务接口，非平台专属
LX-BFDF4705FFBD,客服,,,查询评价统计-Feedback每日新增数,查询评价统计-Feedback每日新增数,/docs/Service/feedbackDetail.md,POST,/erp/sc/cs/feedbackReport/detail,查询评价统计-Feedback每日新增数,3,客服 / 查询评价统计-Feedback每日新增数,"售后, 运营",,是,否,否,P1,否,无,,是,是,"start_date, end_date",不超过1年,按店铺循环 + 按日期分段增量,保留,公共 ERP 业务接口，非平台专属
LX-2C7CF1CE8AAE,客服,,,查询评价统计-Review列表,查询评价统计-Review列表,/docs/Service/reviewLists.md,GET,/erp/sc/v2/cs/reviewReport/lists,查询评价统计-Review列表,1,客服 / 查询评价统计-Review列表,"售后, 运营",,是,否,否,P1,否,offset/length,,是,是,"start_date, end_date",不超过1年,按店铺循环 + 按日期分段增量,保留,公共 ERP 业务接口，非平台专属
LX-2D4837A1809E,客服,,,查询评价统计-Review每日新增数,查询评价统计-Review每日新增数,/docs/Service/reviewDetail.md,POST,/erp/sc/cs/reviewReport/detail,查询评价统计-Review每日新增数,3,客服 / 查询评价统计-Review每日新增数,"售后, 运营",,是,否,否,P1,否,无,,是,是,"start_date, end_date",不超过1年,按日期分段增量,保留,公共 ERP 业务接口，非平台专属
LX-61BD491411AA,客服,,,查询邮件列表,查询邮件列表,/docs/Service/lists.md,POST,/erp/sc/data/mail/lists,支持查询【邮件消息】列表,1,客服 / 查询邮件列表,售后,,是,否,否,P1,否,offset/length,,是,是,"start_date, end_date",,按店铺循环 + 按日期分段增量,保留,公共 ERP 业务接口，非平台专属
LX-5F14BE8D2BD0,客服,,,查询邮件详情,查询邮件详情,/docs/Service/detail.md,POST,/erp/sc/data/mail/detail,支持获取邮件内容详情,3,客服 / 查询邮件详情,售后,,是,否,否,P1,否,无,,是,否,,,全量 / 人工确认,保留,公共 ERP 业务接口，非平台专属
LX-4EDA0C221DF4,工具,,,关键词列表,关键词列表,/docs/Tools/GetKeywordList.md,POST,/erp/sc/routing/tool/toolKeywordRank/getKeywordList,关键词列表,1,工具 / 关键词列表,广告,,是,否,否,P1,否,offset/length,2000,是,是,"start_date, end_date",,按日期分段增量,保留,公共 ERP 业务接口，非平台专属
LX-001128D990D5,工具,,,查询竞品监控列表,查询竞品监控列表,/docs/Tools/CompetitiveMonitorList.md,POST,/basicOpen/tool/competitiveMonitor/list,查询竞品监控列表,1,工具 / 查询竞品监控列表,工作台,,是,否,否,P1,否,offset/length,200,是,是,"update_time_start, update_time_end",,按日期分段增量,保留,公共 ERP 业务接口，非平台专属
LX-8DD1FB86D648,工具,,,查询预警消息列表-商品,查询预警消息列表-商品,/docs/Tools/warningMessageGoodsList.md,POST,/basicOpen/settings/warningMessage/goodsList,查询预警消息列表-商品,1,工具 / 查询预警消息列表-商品,运营,,是,否,否,P0,是,offset/length,200,是,是,"start_date, end_date",不超过90天,按店铺循环 + 按日期分段增量,保留,公共 ERP 业务接口，非平台专属
LX-8F9A0C4E13C0,工具,,,查询预警消息列表-库存,查询预警消息列表-库存,/docs/Tools/warningMessageInventoryList.md,POST,/basicOpen/settings/warningMessage/inventoryList,查询预警消息列表-库存,1,工具 / 查询预警消息列表-库存,"仓库, 运营",,是,否,否,P0,是,offset/length,200,是,是,"start_date, end_date",不超过90天,按店铺循环 + 按日期分段增量,保留,公共 ERP 业务接口，非平台专属
LX-5852A627B6FE,授权,,,续约接口令牌,续约接口令牌,/docs/Authorization/RefreshToken.md,POST,/api/auth-server/oauth/refresh,给 access_token 延续有效期，每个refresh_token 只能使用一次,100,授权 / 续约接口令牌,工作台,,否,否,否,P3,否,无,,否,否,,,全量 / 人工确认,保留,公共 ERP 业务接口，非平台专属
LX-9118DDA102D0,授权,,,获取 access-token和refresh-token,获取 access-token和refresh-token,/docs/Authorization/GetToken.md,POST,/api/auth-server/oauth/access-token,获取 access-token和refresh-token,100,授权 / 获取接口令牌-access_token,工作台,,是,否,否,P1,否,无,,否,否,,,全量 / 人工确认,保留,公共 ERP 业务接口，非平台专属
LX-EE2593BAC4F5,物流,,,FBM物流对账-确认/批量确认,FBM物流对账-确认/批量确认,/docs/Logistics/LogisticsBillConfirm.md,POST,/basicOpen/logistics/logisticsBill/confirm,对FBM物流账单进行确认或批量确认操作,1,物流 / FBM物流对账-确认/批量确认,财务,,否,是,是,P2,否,无,,否,否,,,全量 / 人工确认,保留,公共 ERP 业务接口，非平台专属
LX-081EC270CC8F,物流,,,头程对账列表,头程对账列表,/docs/Logistics/HeadLogisticsReconciliationList.md,POST,/basicOpen/logistics/headLogisticsReconciliation/list,查询头程物流对账列表，对应系统【供应链】>【头程物流对账】数据,1,物流 / 头程对账列表,工作台,,是,否,否,P1,否,offset/length,200,是,是,"searchFieldTime, startDate, endDate",,按店铺循环 + 按日期分段增量,保留,公共 ERP 业务接口，非平台专属
LX-F83A1BAC3521,物流,,,批量添加头程物流商,批量添加头程物流商,/docs/Logistics/AddProviders.md,POST,/erp/sc/routing/tms/FirstVessel/addProviders,支持批量创建头程物流商到领星ERP,1,物流 / 批量添加头程物流商,工作台,,否,是,是,P2,否,无,,是,否,,,全量 / 人工确认,保留,公共 ERP 业务接口，非平台专属
LX-AF600FDF4D6E,物流,,,批量添加头程物流方式,批量添加头程物流方式,/docs/Logistics/AddChannels.md,POST,/erp/sc/routing/tms/FirstVessel/addChannels,支持批量添加头程物流方式到领星ERP，对应系统功能【物流】>【头程物流】>【物流渠道】,1,物流 / 批量添加头程物流方式,工作台,,否,是,是,P2,否,无,,是,否,,,全量 / 人工确认,保留,公共 ERP 业务接口，非平台专属
LX-E95A3442D310,物流,,,查询头程物流渠道列表,查询头程物流渠道列表,/docs/Logistics/ChannelList.md,POST,/erp/sc/data/local_inventory/channelList,对应系统【物流】-》【头程物流】-》【物流渠道】数据,1,物流 / 查询头程物流渠道列表,工作台,,是,否,否,P1,否,offset/length,,是,否,,,全量后分页,保留,公共 ERP 业务接口，非平台专属
LX-043952293C81,物流,,,查询已启用的自发货物流方式,查询已启用的自发货物流方式,/docs/Logistics/listUsedLogisticsType.md,POST,/erp/sc/routing/wms/WmsLogistics/listUsedLogisticsType,支持查询已启用的自发货物流方式，对应系统【物流】>【物流管理】当中的 API 物流、三方仓物流、平台物流、自定义物流列表,1,物流 / 查询已启用的自发货物流方式,工作台,,否,是,是,P2,否,其他,,是,否,,,全量后分页,保留,公共 ERP 业务接口，非平台专属
LX-725F26FDC523,物流,,,查询物流-头程物流商,查询物流-头程物流商,/docs/Logistics/QueryHeadLogisticsProvider.md,POST,/basicOpen/logistics/headLogisticsProvider/query/list,支持查询物流-头程物流商，默认返回已启用现结api对接的物流商。,1,物流 / 查询头程物流商列表,工作台,,是,否,否,P1,否,其他,,是,否,,,全量后分页,保留,公共 ERP 业务接口，非平台专属
LX-7F9838344C2B,物流,,,查询运输方式列表,查询运输方式列表,/docs/Logistics/transportMethodList.md,POST,/basicOpen/businessConfig/transportMethod/list,支持查询自定义运输方式，对应系统【设置】>【业务配置】>【物流】当中的运输方式,1,物流 / 查询运输方式列表,工作台,,是,否,否,P1,否,无,,是,否,,,全量 / 人工确认,保留,公共 ERP 业务接口，非平台专属
LX-65E684431831,目标管理,,,店铺维度-删除目标,店铺维度-删除目标,/docs/TargetManage/StoreBatchDelete.md,POST,/bd/goal/management/open/store/batchDelete,店铺维度-删除目标,10,目标管理 / 店铺维度-批量删除目标,运营,,否,是,是,P2,否,无,,否,否,,,全量 / 人工确认,保留,公共 ERP 业务接口，非平台专属
LX-532ADAD560E1,目标管理,,,店铺维度-新增/更新目标,店铺维度-新增/更新目标,/docs/TargetManage/StoreBatchOperate.md,POST,/bd/goal/management/open/store/batchOperate,店铺维度-新增/更新目标,10,目标管理 / 店铺维度-批量新增/更新目标,运营,,否,否,否,P3,否,无,,否,否,,,全量 / 人工确认,保留,公共 ERP 业务接口，非平台专属
LX-C3C3157EC484,目标管理,,,店铺维度-查询目标,店铺维度-查询目标,/docs/TargetManage/StoreBatchSelect.md,POST,/bd/goal/management/open/store/batchSelect,店铺维度-查询目标,10,目标管理 / 店铺维度-批量查询目标,运营,,是,否,否,P0,是,无,,否,否,,,全量 / 人工确认,保留,公共 ERP 业务接口，非平台专属
LX-D4AEBED1B7C5,目标管理,,,负责人维度-删除目标,负责人维度-删除目标,/docs/TargetManage/UserBatchDelete.md,POST,/bd/goal/management/open/user/batchDelete,负责人维度-删除目标,10,目标管理 / 组织维度-批量删除目标,运营,,否,是,是,P2,否,无,,否,否,,,全量 / 人工确认,保留,公共 ERP 业务接口，非平台专属
LX-81721F0D55C3,目标管理,,,负责人维度-新增/更新目标,负责人维度-新增/更新目标,/docs/TargetManage/UserBatchOperate.md,POST,/bd/goal/management/open/user/batchOperate,负责人维度-新增/更新目标,10,目标管理 / 组织维度-批量新增/更新目标,运营,,否,否,否,P3,否,无,,否,否,,,全量 / 人工确认,保留,公共 ERP 业务接口，非平台专属
LX-CEFFEEDBFB8D,目标管理,,,负责人维度-查询目标,负责人维度-查询目标,/docs/TargetManage/UserBatchSelect.md,POST,/bd/goal/management/open/user/batchSelect,负责人维度-查询目标,10,目标管理 / 组织维度-批量查询目标,运营,,是,否,否,P1,否,无,,否,否,,,全量 / 人工确认,保留,公共 ERP 业务接口，非平台专属
LX-7A8CF9DA594A,统计,,,创建报告,创建报告,/docs/Statistics/CreateReport.md,POST,/openReport/report/task/createReport,此接口为异步创建,1,统计 / 创建报告,运营,,否,是,是,P2,否,无,,否,是,"dataStartTime, dataEndTime",,按店铺循环 + 按日期分段增量,保留,公共 ERP 业务接口，非平台专属
LX-F8006AE8F077,统计,,,创建移除订单,创建移除订单,/docs/Statistics/CreateRemovalOrder.md,POST,/erp/sc/statistic/removalOrder/createAndCommit,创建移除订单,1,统计 / 创建移除订单,"销售, 运营",,否,是,是,P2,否,无,,是,否,,,全量 / 人工确认,保留,公共 ERP 业务接口，非平台专属
LX-0070B9951962,统计,,,库存报表-本地仓-历史报表-明细,库存报表-本地仓-历史报表-明细,/docs/Statistics/LocalDetailList.md,POST,/erp/sc/routing/inventoryLog/WareHouseReport/getLocalWareHouseDetailList,库存报表-本地仓-历史报表-明细,1,统计 / 库存报表-本地仓-历史报表-明细,运营,,是,否,否,P0,是,offset/length,,是,是,"start_date, end_date",,按日期分段增量,保留,公共 ERP 业务接口，非平台专属
LX-171BF687A225,统计,,,库存报表-本地仓-历史报表-汇总,库存报表-本地仓-历史报表-汇总,/docs/Statistics/LocalAggregateList.md,POST,/erp/sc/routing/inventoryLog/WareHouseReport/getLocalWareHouseSummaryList,库存报表-本地仓-历史报表-汇总,1,统计 / 库存报表-本地仓-历史报表-汇总,运营,,是,否,否,P0,是,无,,是,是,"start_date, end_date",,按日期分段增量,保留,公共 ERP 业务接口，非平台专属
LX-FCDF84763AAF,统计,,,库存报表-本地仓-新报表-明细,库存报表-本地仓-新报表-明细,/docs/Statistics/LocalDetailListNew.md,POST,/inventory/center/openapi/storageReport/local/detail/page,库存报表-本地仓-新报表-明细,3,统计 / 库存报表-本地仓-新报表-明细,运营,,是,否,否,P0,是,offset/length,,是,是,"start_date, end_date",,按日期分段增量,保留,公共 ERP 业务接口，非平台专属
LX-5891B9352423,统计,,,库存报表-本地仓-新报表-汇总,库存报表-本地仓-新报表-汇总,/docs/Statistics/LocalAggregateListNew.md,POST,/inventory/center/openapi/storageReport/local/aggregate/list,库存报表-本地仓-新报表-汇总,3,统计 / 库存报表-本地仓-新报表-汇总,运营,,是,否,否,P0,是,无,,否,是,"start_date, end_date",,按日期分段增量,保留,公共 ERP 业务接口，非平台专属
LX-3D1F244FB7C8,统计,,,库存报表-海外仓-历史报表-明细,库存报表-海外仓-历史报表-明细,/docs/Statistics/OverseasDetailList.md,POST,/erp/sc/routing/inventoryLog/WareHouseReport/getOverSeaDetailList,库存报表-海外仓-历史报表-明细,1,统计 / 库存报表-海外仓-历史报表-明细,运营,,是,否,否,P0,是,offset/length,,是,是,"start_date, end_date",,按日期分段增量,保留,公共 ERP 业务接口，非平台专属
LX-A5CE884A505B,统计,,,库存报表-海外仓-历史报表-汇总,库存报表-海外仓-历史报表-汇总,/docs/Statistics/OverseasAggregateList.md,POST,/erp/sc/routing/inventoryLog/WareHouseReport/getOverSeaSummaryList,库存报表-海外仓-历史报表-汇总,1,统计 / 库存报表-海外仓-历史报表-汇总,运营,,是,否,否,P0,是,无,,是,是,"start_date, end_date",,按日期分段增量,保留,公共 ERP 业务接口，非平台专属
LX-8116408E9FBA,统计,,,库存报表-海外仓-新报表-明细,库存报表-海外仓-新报表-明细,/docs/Statistics/OverseasDetailListNew.md,POST,/inventory/center/openapi/storageReport/overseas/detail/page,库存报表-海外仓-新报表-明细,3,统计 / 库存报表-海外仓-新报表-明细,运营,,是,否,否,P0,是,offset/length,,是,是,"start_date, end_date",,按日期分段增量,保留,公共 ERP 业务接口，非平台专属
LX-CD4E8AC1BDC2,统计,,,库存报表-海外仓-新报表-汇总,库存报表-海外仓-新报表-汇总,/docs/Statistics/OverseasAggregateListNew.md,POST,/inventory/center/openapi/storageReport/overseas/aggregate/list,库存报表-海外仓-新报表-汇总,3,统计 / 库存报表-海外仓-新报表-汇总,运营,,是,否,否,P0,是,无,,否,是,"start_date, end_date",,按日期分段增量,保留,公共 ERP 业务接口，非平台专属
LX-3D58C3293860,统计,,,查询利润统计-MSKU,查询利润统计-MSKU,/docs/Statistics/statisticsOpenMSKU.md,POST,/bd/profit/statistics/open/msku/list,支持查询新版利润统计的MSKU维度,10,统计 / 查询利润统计-MSKU,"财务, 产品, 运营",,是,否,否,P1,否,offset/length,10000,是,是,"startDate, endDate",,按店铺循环 + 按日期分段增量,保留,公共 ERP 业务接口，非平台专属
LX-A5F6A7E6639A,统计,,,查询利润统计-店铺,查询利润统计-店铺,/docs/Statistics/statisticsOpenSeller.md,POST,/bd/profit/statistics/open/seller/list,支持查询新版利润统计的店铺维度,10,统计 / 查询利润统计-店铺,"财务, 运营",,是,否,否,P0,是,offset/length,10000,是,是,"startDate, endDate",,按店铺循环 + 按日期分段增量,保留,公共 ERP 业务接口，非平台专属
LX-F9F6C21DEC55,统计,,,查询利润统计（旧）-MSKU,查询利润统计（旧）-MSKU,/docs/Statistics/ProfitMsku.md,POST,/erp/sc/routing/finance/ProfitStatis/profitMsku,支持查询系统【统计】>【利润统计】中MSKU维度数据,1,统计 / 查询利润统计（旧）-MSKU,"财务, 产品, 运营",,是,否,否,P3,否,offset/length,200,是,是,"start_date, end_date",,按店铺循环 + 按日期分段增量,保留,公共 ERP 业务接口，非平台专属
LX-1C7C9C7B770D,统计,,,查询店铺汇总销量,查询店铺汇总销量,/docs/Statistics/StoreSales.md,POST,/erp/sc/data/sales_report/sales,支持按店铺维度查询店铺销量、销售额,5,统计 / 查询店铺汇总销量,"销售, 运营",,是,否,否,P0,是,offset/length,,否,是,"start_date, end_date",,按店铺循环 + 按日期分段增量,保留,公共 ERP 业务接口，非平台专属
LX-FC39BD159D05,统计,,,查询报告,查询报告,/docs/Statistics/GetReport.md,GET,/openReport/report/task/getReport,查询报告,1,统计 / 查询报告,运营,,是,否,否,P1,否,无,,否,否,,,全量 / 人工确认,保留,公共 ERP 业务接口，非平台专属
LX-09FE9E838C58,统计,,,查询订单利润-MSKU,查询订单利润-MSKU,/docs/Finance/OrderProfitListMSKU.md,POST,/basicOpen/finance/mreport/OrderProfit,唯一键说明：sid+msku,1,统计 / 查询订单利润-MSKU,"财务, 产品, 销售, 运营",,是,否,否,P0,是,offset/length,5000,是,是,"startDate, endDate",,按店铺循环 + 按日期分段增量,保留,公共 ERP 业务接口，非平台专属
LX-93C1FB831AAA,统计,,,查询运营日志,查询运营日志,/docs/Statistics/operateLogList.md,POST,/basicOpen/operateManage/operateLog/list,查询运营日志,1,统计 / 查询运营日志,运营,,是,否,否,P1,否,无,,是,是,"date_type, start_date, end_date",,按店铺循环 + 按日期分段增量,保留,公共 ERP 业务接口，非平台专属
LX-8F98CEB43A6D,统计,,,查询运营日志(新),查询运营日志(新),/docs/Statistics/operateLogV2List.md,POST,/basicOpen/operateManage/operateLog/list/v2,查询运营日志(新),1,统计 / 查询运营日志(新),运营,,是,否,否,P1,否,offset/length,,是,是,"start_date, end_date",,按店铺循环 + 按日期分段增量,保留,公共 ERP 业务接口，非平台专属
LX-95A42DA552D3,统计,,,查询采购报表列表 - 产品,查询采购报表列表 - 产品,/docs/Statistics/PurchaseReportProductList.md,POST,/basicOpen/report/purchase/product/list,查询采购报表列表 - 产品,1,统计 / 查询采购报表列表-产品,"采购, 产品, 运营",,是,否,否,P0,是,offset/length,200,是,是,"start_date, end_date, time_type",,按店铺循环 + 按日期分段增量,保留,公共 ERP 业务接口，非平台专属
LX-766F8D291DF3,统计,,,查询采购报表列表 - 供应商,查询采购报表列表 - 供应商,/docs/Statistics/PurchaseReportSupplierList.md,POST,/basicOpen/report/purchase/supplier/list,查询采购报表列表 - 供应商,1,统计 / 查询采购报表列表-供应商,"采购, 运营",,是,否,否,P1,否,offset/length,200,是,是,"start_date, end_date, time_type",,按日期分段增量,保留,公共 ERP 业务接口，非平台专属
LX-DCA6FEF9EA75,统计,,,查询采购报表列表 - 采购员,查询采购报表列表 - 采购员,/docs/Statistics/PurchaseReportBuyerList.md,POST,/basicOpen/report/purchase/buyer/list,查询采购报表列表 - 采购员,1,统计 / 查询采购报表列表-采购员,"采购, 运营",,是,否,否,P1,否,offset/length,200,是,是,"start_date, end_date, time_type",,按日期分段增量,保留,公共 ERP 业务接口，非平台专属
LX-B5184BA8522B,统计,,,统计-查询退货分析,统计-查询退货分析,/docs/Statistics/ReturnOrderAnalysisLists.md,POST,/basicOpen/salesAnalysis/returnOrder/analysisLists,支持统计-查询退货分析,1,统计 / 查询退货分析,"售后, 销售, 运营",,是,否,否,P0,是,offset/length,,是,是,"endDate, startDate, dateType",最多支持366天,按店铺循环 + 按日期分段增量,保留,公共 ERP 业务接口，非平台专属
LX-6EA203F42077,财务,,,作废费用单,作废费用单,/docs/Finance/feeManagementDiscard.md,POST,/bd/fee/management/open/feeManagement/otherFee/discard,作废费用单,1,财务 / 作废费用单,财务,,否,是,是,P2,否,无,,否,否,,,全量 / 人工确认,保留,公共 ERP 业务接口，非平台专属
LX-7ED46019A235,财务,,,创建费用单,创建费用单,/docs/Finance/feeManagementCreate.md,POST,/bd/fee/management/open/feeManagement/otherFee/create,创建费用单,1,财务 / 创建费用单,财务,,否,是,是,P2,否,无,,否,是,fee_items[].date,,按店铺循环 + 按日期分段增量,保留,公共 ERP 业务接口，非平台专属
LX-1E89A7A2DA3C,财务,,,删除费用单,删除费用单,/docs/Finance/feeManagementDelete.md,DELETE,/bd/fee/management/open/feeManagement/otherFee/delete,支持删除 “待提交” 状态的费用单,1,财务 / 删除费用单,财务,,否,是,是,P2,否,无,,否,否,,,全量 / 人工确认,保留,公共 ERP 业务接口，非平台专属
LX-CEFCD4ABAF61,财务,,,应收报告-列表查询,应收报告-列表查询,/docs/Finance/receivableReportList.md,POST,/bd/sp/api/open/monthly/receivable/report/list,应收报告-列表查询,1,财务 / 应收报告-列表查询,财务,,是,否,否,P1,否,offset/length,,否,否,,,按店铺循环 + 分页,保留,公共 ERP 业务接口，非平台专属
LX-B30E9E6803D0,财务,,,应收报告-详情-列表,应收报告-详情-列表,/docs/Finance/reportListDetail.md,POST,/bd/sp/api/open/monthly/receivable/report/list/detail,应收报告-详情-列表,1,财务 / 应收报告-详情-列表,财务,,是,否,否,P1,否,offset/length,,是,否,,,按店铺循环 + 分页,保留,公共 ERP 业务接口，非平台专属
LX-0F0DF3FDD859,财务,,,应收报告-详情-基础信息,应收报告-详情-基础信息,/docs/Finance/reportListDetailInfo.md,POST,/bd/sp/api/open/monthly/receivable/report/list/detail/info,应收报告-详情-基础信息,1,财务 / 应收报告-详情-基础信息,财务,,是,否,否,P1,否,无,,否,否,,,全量 / 人工确认,保留,公共 ERP 业务接口，非平台专属
LX-2AD144D844C7,财务,,,查询settlement下载URL,查询settlement下载URL,/docs/Finance/SettlementExportUrlGet.md,GET,/bd/sp/api/open/settlement/export/url/get,查询settlement下载URL,10,财务 / 查询settlement下载URL,财务,,是,否,否,P1,否,无,,否,否,,,全量 / 人工确认,保留,公共 ERP 业务接口，非平台专属
LX-27FD5B4A5146,财务,,,查询利润报表 - 订单维度transaction视图,查询利润报表 - 订单维度transaction视图,/docs/Finance/profitReportOrderTranscationList.md,POST,/basicOpen/finance/profitReport/order/transcation/list,查询利润报表 - 订单维度transaction视图,1,财务 / 查询利润报表 - 订单维度transaction视图,"财务, 销售",,是,否,否,P0,是,offset/length,1000,是,是,"searchDateField, startDate, endDate, gmtModifiedStartDate, gmtModifiedEndDate, searchField, orderStatus",,按店铺循环 + 按日期分段增量,保留,公共 ERP 业务接口，非平台专属
LX-A453FAE8A107,财务,,,查询利润报表-SKU,查询利润报表-SKU,/docs/Finance/bdSKU.md,POST,/bd/profit/report/open/report/sku/list,查询利润报表-SKU,10,财务 / 查询利润报表-SKU,"财务, 产品",,是,否,否,P1,否,offset/length,10000,是,是,"startDate, endDate",,按店铺循环 + 按日期分段增量,保留,公共 ERP 业务接口，非平台专属
LX-E67765C12B1D,财务,,,查询利润报表-店铺,查询利润报表-店铺,/docs/Finance/bdSeller.md,POST,/bd/profit/report/open/report/seller/list,查询利润报表-店铺,10,财务 / 查询利润报表-店铺,财务,,是,否,否,P0,是,offset/length,10000,是,是,"startDate, endDate",,按店铺循环 + 按日期分段增量,保留,公共 ERP 业务接口，非平台专属
LX-69B7BDB30BF3,财务,,,查询利润报表-店铺月度汇总,查询利润报表-店铺月度汇总,/docs/Finance/bdSellerSummary.md,POST,/bd/profit/report/open/report/seller/summary/list,查询利润报表-店铺月度汇总,10,财务 / 查询利润报表-店铺月度汇总,财务,,是,否,否,P0,是,无,,否,是,"startDate, endDate",,按店铺循环 + 按日期分段增量,保留,公共 ERP 业务接口，非平台专属
LX-F30C3A5673B7,财务,,,查询利润报表-订单,查询利润报表-订单,/docs/Finance/bdOrder.md,POST,/bd/profit/report/open/report/order/list,本接口即将下线【不再建议使用】，建议使用[查询利润报表 - 订单维度transaction视图](/docs/Finance/profitReportOrderTranscationList),10,财务 / 查询利润报表-订单,"财务, 销售",,是,否,否,P0,是,offset/length,10000,是,是,"search_date_field, start_date, end_date",,按店铺循环 + 按日期分段增量,保留,公共 ERP 业务接口，非平台专属
LX-C158E1CD652D,财务,,,查询利润报表（旧） - MSKU,查询利润报表（旧） - MSKU,/docs/Finance/FianceProfitMsku.md,POST,/erp/sc/routing/finance/ProfitState/profitMsku,支持查询系统【财务】>【利润报表】中MSKU维度统计数据,1,财务 / 查询利润报表（旧）-MSKU,"财务, 产品, 运营",,是,否,否,P3,否,offset/length,,是,否,,,按店铺循环 + 分页,保留,公共 ERP 业务接口，非平台专属
LX-E9129B6BC59E,财务,,,查询利润报表（旧）-结算明细,查询利润报表（旧）-结算明细,/docs/Finance/profitSettlement.md,POST,/erp/sc/routing/finance/ProfitState/profitSettlement,支持查询系统【财务】>【利润报表】>【结算明细】数据,1,财务 / 查询利润报表（旧）-结算明细,财务,,是,否,否,P3,否,offset/length,,是,是,"start_date, end_date, send_date_start, send_date_end",,按店铺循环 + 按日期分段增量,保留,公共 ERP 业务接口，非平台专属
LX-2454C40DBB80,财务,,,查询广告发票列表,查询广告发票列表,/docs/Finance/InvoiceList.md,POST,/bd/profit/report/open/report/ads/invoice/list,查询广告发票列表,10,财务 / 查询广告发票列表,"广告, 财务",,是,否,否,P1,否,offset/length,,是,是,"invoice_start_time, invoice_end_time",,按店铺循环 + 按日期分段增量,保留,公共 ERP 业务接口，非平台专属
LX-7106755764A4,财务,,,查询广告发票基本信息,查询广告发票基本信息,/docs/Finance/InvoiceDetail.md,POST,/bd/profit/report/open/report/ads/invoice/detail,查询广告发票基本信息,10,财务 / 查询广告发票基本信息,"广告, 财务",,是,否,否,P1,否,无,,否,否,,,全量 / 人工确认,保留,公共 ERP 业务接口，非平台专属
LX-A8A460011763,财务,,,查询广告发票活动列表,查询广告发票活动列表,/docs/Finance/InvoiceCampaignList.md,POST,/bd/profit/report/open/report/ads/invoice/campaign/list,查询广告发票活动列表,10,财务 / 查询广告发票活动列表,"广告, 财务",,是,否,否,P1,否,offset/length,,是,否,,,按店铺循环 + 分页,保留,公共 ERP 业务接口，非平台专属
LX-FF6962F51900,财务,,,查询收款单列表,查询收款单列表,/docs/Finance/QueryReceiptFundsList.md,POST,/basicOpen/finance/queryReceiptFundsList,支持查询收款单列表,1,财务 / 查询收款单列表,财务,,是,否,否,P1,否,offset/length,200,是,是,"endDate, searchFieldTime, startDate",,按日期分段增量,保留,公共 ERP 业务接口，非平台专属
LX-598C49EB1197,财务,,,查询请款单列表,查询请款单列表,/docs/Finance/RequestFundsOrderList.md,POST,/basicOpen/finance/requestFunds/order/list,查询请款单列表,1,财务 / 查询请款单列表,"财务, 销售",,是,否,否,P0,是,offset/length,200,是,是,"search_field_time, start_date, end_date",,按日期分段增量,保留,公共 ERP 业务接口，非平台专属
LX-62F91F9CB35B,财务,,,查询请款池 - 货款月结,查询请款池 - 货款月结,/docs/Finance/requestFundsPoolInboundList.md,POST,/basicOpen/finance/requestFundsPool/inbound/list,查询请款池 - 货款月结,1,财务 / 查询请款池-货款月结,财务,,是,否,否,P1,否,offset/length,200,是,是,"time_field, start_time, end_time",,按日期分段增量,保留,公共 ERP 业务接口，非平台专属
LX-92FE8988B86C,财务,,,查询请款池 - 货款现结,查询请款池 - 货款现结,/docs/Finance/requestFundsPoolPurchaseList.md,POST,/basicOpen/finance/requestFundsPool/purchase/list,查询请款池 - 货款现结,1,财务 / 查询请款池-货款现结,"财务, 采购",,是,否,否,P1,否,offset/length,200,是,是,"time_field, start_time, end_time",,按日期分段增量,保留,公共 ERP 业务接口，非平台专属
LX-9C950113F6EA,财务,,,查询请款池 - 货款预付款,查询请款池 - 货款预付款,/docs/Finance/requestFundsPoolPrepayList.md,POST,/basicOpen/finance/requestFundsPool/prepay/list,查询请款池 - 货款预付款,1,财务 / 查询请款池-货款预付款,财务,,是,否,否,P1,否,offset/length,200,是,是,"start_time, end_time, time_field",,按日期分段增量,保留,公共 ERP 业务接口，非平台专属
LX-D0E648500CCA,财务,,,查询请款池-其他应付款,查询请款池-其他应付款,/docs/Finance/requestFundsPoolCustomFeeList.md,POST,/basicOpen/finance/requestFundsPool/customFee/list,查询请款池-其他应付款,1,财务 / 查询请款池-其他应付款,财务,,是,否,否,P1,否,offset/length,200,是,是,"search_field_time, start_time, end_time",,按日期分段增量,保留,公共 ERP 业务接口，非平台专属
LX-0A3BA5A66954,财务,,,查询请款池-其他费用,查询请款池-其他费用,/docs/Finance/requestFundsPoolOtherFeeList.md,POST,/basicOpen/finance/requestFundsPool/otherFee/list,查询请款池-其他费用,1,财务 / 查询请款池-其他费用,财务,,是,否,否,P1,否,offset/length,,是,是,"endTime, startTime, searchFieldTime",,按日期分段增量,保留,公共 ERP 业务接口，非平台专属
LX-A095838ED68E,财务,,,查询请款池-物流请款,查询请款池-物流请款,/docs/Finance/requestFundsPoolLogisticsList.md,POST,/basicOpen/finance/requestFundsPool/logistics/list,查询请款池-物流请款,1,财务 / 查询请款池-物流请款,财务,,是,否,否,P1,否,offset/length,200,是,是,"search_field_time, start_time, end_time",,按日期分段增量,保留,公共 ERP 业务接口，非平台专属
LX-A623F7D01F1B,财务,,,查询费用明细列表,查询费用明细列表,/docs/Finance/feeManagementList.md,POST,/bd/fee/management/open/feeManagement/otherFee/list,查询费用明细列表,1,财务 / 查询费用明细列表,财务,,是,否,否,P1,否,offset/length,,是,是,"date_type, start_date, end_date",,按店铺循环 + 按日期分段增量,保留,公共 ERP 业务接口，非平台专属
LX-022E3FB1A8C6,财务,,,查询费用类型列表,查询费用类型列表,/docs/Finance/feeManagementType.md,POST,/bd/fee/management/open/feeManagement/otherFee/type,查询费用类型列表,1,财务 / 查询费用类型列表,财务,,是,否,否,P1,否,无,,否,否,,,全量 / 人工确认,保留,公共 ERP 业务接口，非平台专属
LX-D797CA8C373A,财务,,,立即重算-利润报表数据,立即重算-利润报表数据,/docs/Finance/ComputeManual.md,POST,/bd/profit/report/open/report/settle/compute/manual,立即重算-利润报表数据,10,财务 / 立即重算-利润报表数据,财务,,是,否,否,P1,否,无,,是,是,date_month,,按日期分段增量,保留,公共 ERP 业务接口，非平台专属
LX-20735537E141,财务,,,编辑费用单,编辑费用单,/docs/Finance/feeManagementEdit.md,POST,/bd/fee/management/open/feeManagement/otherFee/edit,编辑费用单,1,财务 / 编辑费用单,财务,,否,是,是,P2,否,无,,否,是,date,,按店铺循环 + 按日期分段增量,保留,公共 ERP 业务接口，非平台专属
LX-C3A80433378D,采购,,,作废采购/委外退货单,作废采购/委外退货单,/docs/Purchase/CancelPurchaseReturnOrder.md,POST,/basicOpen/purchase/cancelPurchaseReturnOrder,作废采购/委外退货单,1,采购 / 作废采购/委外退货单,"售后, 采购, 销售",,否,是,是,P2,否,无,,否,否,,,全量 / 人工确认,保留,公共 ERP 业务接口，非平台专属
LX-0BAC0252E36F,采购,,,作废采购单,作废采购单,/docs/Purchase/Cancel.md,POST,/erp/sc/routing/purchase/purchase/cancel,允许作废处于 “待审核”、“待下单”、“待到货”、“已完成” 状态下的采购单,1,采购 / 作废采购单,采购,,否,是,是,P2,否,无,,是,否,,,全量 / 人工确认,保留,公共 ERP 业务接口，非平台专属
LX-78F82D8A146C,采购,,,作废采购计划,作废采购计划,/docs/Purchase/PurchasePlanCancel.md,POST,/basicOpen/purchase/planCancel,允许作废处于 “待审批”、“待采购”状态下的采购计划,1,采购 / 作废采购计划,采购,,否,是,是,P2,否,无,,是,否,,,全量 / 人工确认,保留,公共 ERP 业务接口，非平台专属
LX-D58D9CF7D14C,采购,,,创建已完成的采购变更单,创建已完成的采购变更单,/docs/Purchase/createPurchaseChangeOrder.md,POST,/erp/sc/routing/purchase/purchaseChangeOrder/createPurchaseChangeOrder,支持创建已完成状态的采购变更单，即创建成功后采购单立即变更,1,采购 / 创建已完成的采购变更单,"采购, 销售",,否,是,是,P2,否,无,,否,是,product_list[].expect_arrive_time,,按店铺循环 + 按日期分段增量,保留,公共 ERP 业务接口，非平台专属
LX-AB7E08BE0696,采购,,,创建已完成的采购退货单,创建已完成的采购退货单,/docs/Purchase/createPurchaseReturnOrder.md,POST,/erp/sc/routing/purchase/purchase_return_order/createPurchaseReturnOrder,支持创建采购退货单，状态为“已完成”,1,采购 / 创建已完成的采购退货单,"售后, 采购, 销售",,否,是,是,P2,否,无,,否,是,item_list[].expect_arrive_time,,按日期分段增量,保留,公共 ERP 业务接口，非平台专属
LX-4674779EEB39,采购,,,创建待到货的采购单,创建待到货的采购单,/docs/Purchase/CreatePurchaseOrder.md,POST,/erp/sc/routing/purchase/purchase/createPurchaseOrder,支持创建采购单，状态为“待到货”,1,采购 / 创建待到货的采购单,"采购, 销售",,否,是,是,P2,否,无,,否,是,product_list[].expect_arrive_time,,按店铺循环 + 按日期分段增量,保留,公共 ERP 业务接口，非平台专属
LX-A4E9258A3B23,采购,,,创建待采购的采购计划,创建待采购的采购计划,/docs/Purchase/createPurchasePlan.md,POST,/erp/sc/routing/data/local_inventory/createPurchasePlan,支持创建采购计划，状态为“待采购”,1,采购 / 创建待采购的采购计划,采购,,否,是,是,P2,否,无,,否,是,data[].expect_arrive_time,,按店铺循环 + 按日期分段增量,保留,公共 ERP 业务接口，非平台专属
LX-B70161F2CA8D,采购,,,查询供应商列表,查询供应商列表,/docs/Purchase/Supplier.md,POST,/erp/sc/data/local_inventory/supplier,支持查询【采购】>【供应商】中的供应商信息,1,采购 / 查询供应商列表,采购,,是,否,否,P1,否,offset/length,,是,否,,,全量后分页,保留,公共 ERP 业务接口，非平台专属
LX-96F32A1090F0,采购,,,查询加工计划列表,查询加工计划列表,/docs/Warehouse/WorkOrderPlanList.md,POST,/basicOpen/openapi/workOrder/processPlanList,支持查询加工计划列表，对应系统【采购】加工计划列表数据。,1,采购 / 查询加工计划列表,"仓库, 采购, 销售",,是,否,否,P0,是,offset/length,200,是,是,"search_time_key, search_time_start, search_time_end",,按日期分段增量,保留,公共 ERP 业务接口，非平台专属
LX-9BF4536568D4,采购,,,查询委外订单列表,查询委外订单列表,/docs/Purchase/getOrders.md,POST,/erp/sc/routing/purchase/purchaseOutsourceOrder/getOrders,查询委外订单列表,1,采购 / 查询委外订单列表,"采购, 销售",,是,否,否,P0,是,offset/length,500,是,是,"search_field_time, start_date, end_date",,按日期分段增量,保留,公共 ERP 业务接口，非平台专属
LX-D332F931885E,采购,,,查询采购单列表,查询采购单列表,/docs/Purchase/PurchaseOrderList.md,POST,/erp/sc/routing/data/local_inventory/purchaseOrderList,支持查询采购单列表，对应系统【采购】>【采购单】数据,1,采购 / 查询采购单列表,"采购, 销售",,是,否,否,P0,是,offset/length,500,否,是,"start_date, end_date, search_field_time",,按日期分段增量,保留,公共 ERP 业务接口，非平台专属
LX-B31DFDC39206,采购,,,查询采购变更单列表,查询采购变更单列表,/docs/Purchase/changeOrderList.md,POST,/erp/sc/routing/purchase/purchaseChangeOrder/changeOrderList,查询采购变更单列表,1,采购 / 查询采购变更单列表,"采购, 销售",,是,否,否,P0,是,offset/length,,是,是,"search_field_time, start_date, end_date",,按日期分段增量,保留,公共 ERP 业务接口，非平台专属
LX-223398DA3539,采购,,,查询采购方列表,查询采购方列表,/docs/Purchase/purchaserLists.md,POST,/erp/sc/routing/data/purchaser/lists,查询采购方列表,1,采购 / 查询采购方列表,采购,,是,否,否,P1,否,offset/length,,是,否,,,全量后分页,保留,公共 ERP 业务接口，非平台专属
LX-03B82747B50A,采购,,,查询采购计划列表,查询采购计划列表,/docs/Purchase/getPurchasePlans.md,POST,/erp/sc/routing/data/local_inventory/getPurchasePlans,查询采购计划列表,1,采购 / 查询采购计划列表,采购,,是,否,否,P1,否,offset/length,500,是,是,"search_field_time, start_date, end_date",,按店铺循环 + 按日期分段增量,保留,公共 ERP 业务接口，非平台专属
LX-853A6501F0BF,采购,,,查询采购退货单列表,查询采购退货单列表,/docs/Purchase/getPurchaseReturnOrderList.md,POST,/erp/sc/routing/purchase/purchase_return_order/getPurchaseReturnOrderList,查询采购退货单列表,1,采购 / 查询采购退货单列表,"售后, 采购, 销售",,是,否,否,P0,是,offset/length,500,是,是,"search_field_time, start_date, end_date",,按日期分段增量,保留,公共 ERP 业务接口，非平台专属
LX-D181D27E9336,采购,,,添加/修改供应商,添加/修改供应商,/docs/Purchase/SupplierEdit.md,POST,/erp/sc/routing/storage/supplier/edit,支持添加、修改供应商信息到系统【采购】>【供应商】中,1,采购 / 添加/修改供应商,采购,,否,是,是,P2,否,无,,否,否,,,全量 / 人工确认,保留,公共 ERP 业务接口，非平台专属
LX-0B7D3781D062,采购,,,添加采购单物流信息,添加采购单物流信息,/docs/Purchase/addLogistics.md,POST,/erp/sc/routing/purchase/purchase/addLogistics,支持对“待到货”或“已完成”状态的采购单，添加采购单物流信息,1,采购 / 添加采购单物流信息,采购,,否,是,是,P2,否,无,,是,否,,,全量 / 人工确认,保留,公共 ERP 业务接口，非平台专属
LX-5CD66DB6C0A0,采购,,,编辑采购单备注,编辑采购单备注,/docs/Purchase/OrderModifyRemark.md,POST,/basicOpen/purchase/orderModifyRemark,支持快速编辑采购单的单据备注,1,采购 / 编辑采购单备注,"采购, 销售",,否,是,是,P2,否,无,,是,否,,,全量 / 人工确认,保留,公共 ERP 业务接口，非平台专属
LX-09D9FC0B390B,采购,,,编辑采购计划备注（批量）,编辑采购计划备注（批量）,/docs/Purchase/PlanModifyRemark.md,POST,/basicOpen/purchase/planModifyRemark,支持通过采购计划批次号或采购计划单号批量修改备注,1,采购 / 编辑采购计划备注（批量）,采购,,否,是,是,P2,否,无,,是,否,,,全量 / 人工确认,保留,公共 ERP 业务接口，非平台专属
LX-583232734D6F,采购,,,采购单下单,采购单下单,/docs/Purchase/SetOrders.md,POST,/erp/sc/routing/purchase/purchase/setOrders,支持将 “待下单” 状态采购单变更为 “待到货” 状态,1,采购 / 采购单下单,"采购, 销售",,否,是,是,P2,否,无,,否,否,,,全量 / 人工确认,保留,公共 ERP 业务接口，非平台专属
LX-500C4287A05E,采购,,,采购单整单结束到货,采购单整单结束到货,/docs/Purchase/setOrderFinish.md,POST,/basicOpen/purchase/setOrderFinish,采购单整单结束到货,1,采购 / 采购单整单结束到货,"采购, 销售",,否,否,否,P3,否,无,,否,否,,,全量 / 人工确认,保留,公共 ERP 业务接口，非平台专属
LX-2077895D6B9A,销售,Listing,,Listing删除商品标签,Listing删除商品标签,/docs/Sale/DeleteGoodsTag.md,POST,/basicOpen/listingManage/removeListingAndTag,Listing删除商品标签,1,销售 / Listing / Listing删除商品标签,"销售, 运营",,否,是,是,P2,否,无,,是,否,,,全量 / 人工确认,保留,公共 ERP 业务接口，非平台专属
LX-C79145A7BD7A,销售,Listing,,Listing新增商品标签,Listing新增商品标签,/docs/Sale/AddGoodsTag.md,POST,/basicOpen/listingManage/bindListingAndTag,Listing新增商品标签,1,销售 / Listing / Listing新增商品标签,"销售, 运营",,否,否,否,P3,否,无,,是,否,,,全量 / 人工确认,保留,公共 ERP 业务接口，非平台专属
LX-76CFCB697A50,销售,Listing,,修改B2B价格,修改B2B价格,/docs/Sale/b2bPriceModifyPrice.md,POST,/basicOpen/b2bPrice/modifyPrice,修改B2B价格,1,销售 / Listing / 修改B2B价格,"销售, 运营",,否,是,是,P2,否,无,,是,否,,,全量 / 人工确认,保留,公共 ERP 业务接口，非平台专属
LX-06BDDD3B9762,销售,Listing,,删除Listing标签,删除Listing标签,/docs/Sale/globalTagRemoveTag.md,POST,/basicOpen/globalTag/listing/removeTag,删除Listing标签,1,销售 / Listing / 删除Listing标签,"销售, 运营",,否,是,是,P2,否,无,,是,否,,,全量 / 人工确认,保留,公共 ERP 业务接口，非平台专属
LX-A96852EA632C,销售,Listing,,批量修改Listing价格,批量修改Listing价格,/docs/Sale/pricingSubmit.md,POST,/erp/sc/listing/ProductPricing/pricingSubmit,支持批量修改Listing价格，价格幅度不超50%,1,销售 / Listing / 批量修改Listing价格,"销售, 运营",,否,是,是,P2,否,无,,是,是,"pricing_params[].start_date, pricing_params[].end_date",,按店铺循环 + 按日期分段增量,保留,公共 ERP 业务接口，非平台专属
LX-04A6C56A7729,销售,Listing,,批量添加/编辑Listing配对,批量添加/编辑Listing配对,/docs/Sale/Productlink.md,POST,/erp/sc/storage/product/link,支持推送Listing与本地仓库SKU的配对关系到领星ERP，实现SKU配对,3,销售 / Listing / 批量添加/编辑Listing配对,"仓库, 产品, 销售, 运营",,否,是,是,P2,否,无,,是,否,,,全量 / 人工确认,保留,公共 ERP 业务接口，非平台专属
LX-EB69D6DC93FB,销售,Listing,,查询Listing操作日志列表,查询Listing操作日志列表,/docs/Sale/listingOperateLogPageList.md,POST,/basicOpen/listingManage/listingOperateLog/pageList,查询Listing操作日志列表,1,销售 / Listing / 查询Listing操作日志列表,"销售, 运营",,是,否,否,P0,是,offset/length,,是,是,"operate_time_start, operate_time_end",,按店铺循环 + 按日期分段增量,保留,公共 ERP 业务接口，非平台专属
LX-71422945ADAC,销售,Listing,,查询Listing标签列表,查询Listing标签列表,/docs/Sale/globalTagPageList.md,POST,/basicOpen/globalTag/listing/page/list,查询Listing标签列表,1,销售 / Listing / 查询Listing标签列表,"销售, 运营",,是,否,否,P0,是,offset/length,200,是,否,,,全量后分页,保留,公共 ERP 业务接口，非平台专属
LX-80C0100C2D4F,销售,Listing,,查询Listing标记标签列表,查询Listing标记标签列表,/docs/Sale/queryListingRelationTagList.md,POST,/basicOpen/listingManage/queryListingRelationTagList,查询Listing标记标签列表,1,销售 / Listing / 查询Listing标记标签列表,"销售, 运营",,否,是,是,P2,否,无,,是,否,,,全量 / 人工确认,保留,公共 ERP 业务接口，非平台专属
LX-D806EDEB25E4,销售,Listing,,查询调价队列,查询调价队列,/docs/Sale/adjustPriceAdjustPriceManual.md,POST,/basicOpen/module/adjustPrice/AdjustPriceManual,查询调价队列,1,销售 / Listing / 查询调价队列,"销售, 运营",,是,否,否,P1,否,offset/length,500,是,是,"time_type, start_time, end_time",,按店铺循环 + 按日期分段增量,保留,公共 ERP 业务接口，非平台专属
LX-1C246F17173F,销售,Listing,,添加Listing标签,添加Listing标签,/docs/Sale/globalTagAddTag.md,POST,/basicOpen/globalTag/listing/addTag,添加Listing标签,1,销售 / Listing / 添加Listing标签,"销售, 运营",,否,是,是,P2,否,无,,是,否,,,全量 / 人工确认,保留,公共 ERP 业务接口，非平台专属
LX-DA41D6369A41,销售,Listing,,解除Listing配对,解除Listing配对,/docs/Sale/UnlinkListing.md,POST,/basicOpen/listingManage/unLinkListingPairs,支持批量解除Listing配对,1,销售 / Listing / 解除Listing配对,"销售, 运营",,否,是,是,P2,否,无,,否,否,,,全量 / 人工确认,保留,公共 ERP 业务接口，非平台专属
LX-F560D3DA6DF1,销售,促销管理,,查询优惠券详情+listing+订单(批量),查询优惠券详情+listing+订单(批量),/docs/Sale/promotionCouponAllDetailBatch.md,POST,/promotionApi/open/promotion/couponAllDetailBatch,查询优惠券详情+listing+订单(批量),1,销售 / 促销管理 / 查询优惠券详情+listing+订单(批量),"销售, 运营",,是,否,否,P0,是,其他,200,是,否,,,按店铺循环 + 分页,保留,公共 ERP 业务接口，非平台专属
LX-324AF6B69AEF,销售,促销管理,,查询会员折扣or价格折扣详情+listing+订单(批量),查询会员折扣or价格折扣详情+listing+订单(批量),/docs/Sale/promotionPrimeDiscountAllDetailBatch.md,POST,/promotionApi/open/promotion/primeDiscountAllDetailBatch,查询会员折扣or价格折扣详情+listing+订单(批量),1,销售 / 促销管理 / 查询会员折扣or价格折扣详情+listing+订单(批量),"销售, 运营",,是,否,否,P0,是,其他,200,是,否,,,按店铺循环 + 分页,保留,公共 ERP 业务接口，非平台专属
LX-2EDE9B89E52C,销售,促销管理,,查询促销活动列表-优惠券,查询促销活动列表-优惠券,/docs/Sale/promotionalActivitiesCouponList.md,POST,/basicOpen/promotionalActivities/coupon/list,查询促销活动列表-优惠券,1,销售 / 促销管理 / 查询促销活动列表-优惠券,销售,,是,否,否,P1,否,offset/length,200,是,是,"start_date, end_date",不超过90天,按店铺循环 + 按日期分段增量,保留,公共 ERP 业务接口，非平台专属
LX-4D53DF8CE668,销售,促销管理,,查询促销活动列表-会员折扣/价格折扣,查询促销活动列表-会员折扣/价格折扣,/docs/Sale/promotionalActivitiesVipDiscountList.md,POST,/basicOpen/promotionalActivities/vipDiscount/list,查询促销活动列表-会员折扣/价格折扣,1,销售 / 促销管理 / 查询促销活动列表-会员折扣,销售,,是,否,否,P1,否,offset/length,200,是,是,"start_date, end_date",不超过90天,按店铺循环 + 按日期分段增量,保留,公共 ERP 业务接口，非平台专属
LX-14EF57136BD3,销售,促销管理,,查询促销活动列表-秒杀,查询促销活动列表-秒杀,/docs/Sale/promotionalActivitiesSecKillList.md,POST,/basicOpen/promotionalActivities/secKill/list,查询促销活动列表-秒杀,1,销售 / 促销管理 / 查询促销活动列表-秒杀,销售,,是,否,否,P1,否,offset/length,200,是,是,"start_date, end_date",不超过90天,按店铺循环 + 按日期分段增量,保留,公共 ERP 业务接口，非平台专属
LX-1DC5C91C2FE2,销售,促销管理,,查询促销活动列表-管理促销,查询促销活动列表-管理促销,/docs/Sale/promotionalActivitiesManageList.md,POST,/basicOpen/promotionalActivities/manage/list,查询促销活动列表-管理促销,1,销售 / 促销管理 / 查询促销活动列表-管理促销,销售,,是,否,否,P1,否,offset/length,200,是,是,"start_date, end_date",不超过90天,按店铺循环 + 按日期分段增量,保留,公共 ERP 业务接口，非平台专属
LX-D1E4B7906B42,销售,促销管理,,查询商品折扣列表,查询商品折扣列表,/docs/Sale/promotionListingList.md,POST,/basicOpen/promotion/listingList,查询商品折扣列表,1,销售 / 促销管理 / 查询商品折扣列表,"销售, 运营",,是,否,否,P0,是,offset/length,200,是,是,"site_date, start_time, end_time",不超过90天,按店铺循环 + 按日期分段增量,保留,公共 ERP 业务接口，非平台专属
LX-03449E2EC06C,销售,促销管理,,查询商品折扣详情-列表-优惠卷,查询商品折扣详情-列表-优惠卷,/docs/Sale/promotionListingDetailCoupon.md,POST,/basicOpen/promotion/listingDetailCoupon,查询商品折扣详情-列表-优惠卷,1,销售 / 促销管理 / 查询商品折扣详情-列表-优惠卷,"销售, 运营",,是,否,否,P0,是,pageNum/pageSize,,是,是,"startTime, endTime, sortField",,按店铺循环 + 按日期分段增量,保留,公共 ERP 业务接口，非平台专属
LX-FE476B81237F,销售,促销管理,,查询商品折扣详情-列表-会员折扣,查询商品折扣详情-列表-会员折扣,/docs/Sale/promotionListingDetailPrimeDiscount.md,POST,/basicOpen/promotion/listingDetailPrimeDiscount,查询商品折扣详情-列表-会员折扣,1,销售 / 促销管理 / 查询商品折扣详情-列表-会员折扣,"销售, 运营",,是,否,否,P0,是,pageNum/pageSize,,是,是,"startTime, endTime, sortField",,按店铺循环 + 按日期分段增量,保留,公共 ERP 业务接口，非平台专属
LX-A404B2104669,销售,促销管理,,查询商品折扣详情-列表-秒杀,查询商品折扣详情-列表-秒杀,/docs/Sale/promotionListingDetailSecKill.md,POST,/basicOpen/promotion/listingDetailSecKill,查询商品折扣详情-列表-秒杀,1,销售 / 促销管理 / 查询商品折扣详情-列表-秒杀,"销售, 运营",,是,否,否,P0,是,pageNum/pageSize,,是,是,"startTime, endTime, sortField",,按店铺循环 + 按日期分段增量,保留,公共 ERP 业务接口，非平台专属
LX-020A91A14B42,销售,促销管理,,查询商品折扣详情-列表-管理促销,查询商品折扣详情-列表-管理促销,/docs/Sale/promotionListingDetailManage.md,POST,/basicOpen/promotion/listingDetailManage,查询商品折扣详情-列表-管理促销,1,销售 / 促销管理 / 查询商品折扣详情-列表-管理促销,"销售, 运营",,是,否,否,P0,是,pageNum/pageSize,,是,是,"startTime, endTime, sortField",,按店铺循环 + 按日期分段增量,保留,公共 ERP 业务接口，非平台专属
LX-72966FDD4C29,销售,促销管理,,查询秒杀详情+listing+订单(批量),查询秒杀详情+listing+订单(批量),/docs/Sale/promotionSecKillAllDetailBatch.md,POST,/promotionApi/open/promotion/secKillAllDetailBatch,查询秒杀详情+listing+订单(批量),1,销售 / 促销管理 / 查询秒杀详情+listing+订单(批量),"销售, 运营",,是,否,否,P0,是,其他,200,是,否,,,按店铺循环 + 分页,保留,公共 ERP 业务接口，非平台专属
LX-D92C9E37C544,销售,促销管理,,查询管理促销详情+listing+订单(批量),查询管理促销详情+listing+订单(批量),/docs/Sale/promotionManagementAllDetailBatch.md,POST,/promotionApi/open/promotion/managementAllDetailBatch,查询管理促销详情+listing+订单(批量),1,销售 / 促销管理 / 查询管理促销详情+listing+订单(批量),"销售, 运营",,是,否,否,P0,是,其他,200,是,否,,,按店铺循环 + 分页,保留,公共 ERP 业务接口，非平台专属
LX-C76D747AD0DA,销售,刊登管理,,刊登管理-获取指定 productType 的 JSON Schema,刊登管理-获取指定 productType 的 JSON Schema,/docs/Sale/PublishManageGetProductType.md,POST,/basicOpen/openapi/publish/manage/getProductType,刊登管理-获取指定 productType 的 JSON Schema,1,销售 / 刊登管理 / 获取指定 productType 的 JSON Schema,"产品, 销售",,是,否,否,P0,是,无,,是,否,,,全量 / 人工确认,保留,公共 ERP 业务接口，非平台专属
LX-074FA24909F1,销售,刊登管理,,刊登管理-获取运费模板,刊登管理-获取运费模板,/docs/Sale/GetMerchantShippingGroup.md,POST,/basicOpen/openapi/publish/manage/getMerchantShippingGroup,刊登管理-获取运费模板,1,销售 / 刊登管理 / 获取运费模板,销售,,是,否,否,P1,否,无,,是,否,,,全量 / 人工确认,保留,公共 ERP 业务接口，非平台专属
LX-7D621DDB5AD5,销售,平台订单,,SC订单-设置订单备注,SC订单-设置订单备注,/docs/Sale/ScOrderSetRemark.md,POST,/basicOpen/platformOrder/scOrder/setRemark,SC订单-设置订单备注,1,销售 / 平台订单 / 更新订单备注,销售,,否,是,是,P2,否,无,,否,否,,,全量 / 人工确认,保留,公共 ERP 业务接口，非平台专属
LX-EFB08467128D,销售,平台订单,,多渠道订单-交易明细,多渠道订单-交易明细,/docs/Sale/MutilChannelTransactionDetail.md,POST,/basicOpen/openapi/salesOrder/multi-channel/list/transaction,支持查询【销售】>【SC订单】>【多渠道订单】交易明细数据,1,销售 / 平台订单 / 查询多渠道订单-交易明细,销售,,否,否,否,P3,否,无,,是,否,,,全量 / 人工确认,保留,公共 ERP 业务接口，非平台专属
LX-8FB1CC9572F0,销售,自发货管理,,导入面单,导入面单,/docs/Sale/UploadTracking.md,POST,/basicOpen/selfShipmentOrder/importLabel,支持自发货订单导入面单,1,销售 / 自发货管理 / 导入面单,销售,,否,否,否,P3,否,无,,否,否,,,全量 / 人工确认,保留,公共 ERP 业务接口，非平台专属
